,staid,kjname,knname,enname,longitude,latitude,altitude
0,11001,宗谷岬,ソウヤミサキ,Cape Soya,141.935,45.52,26.0
1,11016,稚内,ワッカナイ,Wakkanai,141.67833333333334,45.415,3.0
2,11046,礼文,レブン,Rebun,141.045,45.305,65.0
3,11061,声問,コエトイ：稚内空港,Koetoi,141.80166666666668,45.403333333333336,8.0
4,11076,浜鬼志別,ハマオニシベツ,Hamaoni-Shibetsu,142.17,45.335,13.0
5,11091,本泊,モトドマリ：利尻空港,Motodomari,141.18666666666667,45.24166666666667,30.0
6,11121,沼川,ヌマカワ,Numakawa,141.85166666666666,45.248333333333335,23.0
7,11151,沓形,クツガタ,Kutsugata,141.13833333333332,45.178333333333335,14.0
8,11176,豊富,トヨトミ,Toyotomi,141.78,45.10166666666667,14.0
9,11206,浜頓別,ハマトンベツ,Hamatonbetsu,142.35,45.125,18.0
10,11276,中頓別,ナカトンベツ,Nakatonbetsu,142.28,44.965,25.0
11,11291,北見枝幸,キタミエサシ,Kitami-Esashi,142.585,44.94,7.0
12,11316,歌登,ウタノボリ,Utanobori,142.48,44.84166666666667,14.0
13,12011,中川,ナカガワ,Nakagawa,142.07666666666665,44.82833333333333,22.0
14,12041,音威子府,オトイネップ,Otoineppu,142.265,44.72666666666667,40.0
15,12066,小車,オグルマ,Oguruma,142.295,44.608333333333334,60.0
16,12141,美深,ビフカ,Bifuka,142.34166666666667,44.48,77.0
17,12181,名寄,ナヨロ,Nayoro,142.45666666666668,44.37,89.0
18,12217,西風連,ニシフウレン,Nishi-Furen,142.35833333333332,44.295,128.0
19,12231,下川,シモカワ,Shimokawa,142.63666666666666,44.295,143.0
20,12256,剣淵,ケンブチ,Kenbuchi,142.35333333333332,44.10666666666667,138.0
21,12261,士別,シベツ,Shibetsu,142.41666666666666,44.18666666666667,135.0
22,12266,朝日,アサヒ,Asahi,142.595,44.11833333333333,225.0
23,12301,和寒,ワッサム,Wassamu,142.41,44.028333333333336,150.0
24,12386,江丹別,エタンベツ,Etanbetsu,142.26,43.87,140.0
25,12396,比布,ピップ,Pippu,142.47,43.87,164.0
26,12411,上川,カミカワ,Kamikawa,142.75333333333333,43.846666666666664,324.0
27,12442,旭川,アサヒカワ,Asahikawa,142.37166666666667,43.75666666666667,120.0
28,12451,東川,ヒガシカワ,Higashikawa,142.50833333333333,43.70166666666667,215.0
29,12457,瑞穂,ミズホ,Mizuho,142.63833333333332,43.736666666666665,289.0
30,12471,層雲峡,ソウウンキョウ,Sounkyo,142.93,43.75333333333333,540.0
31,12501,東神楽,ヒガシカグラ：旭川空港,Higashi-Kagura,142.44666666666666,43.67,211.0
32,12512,志比内,シビナイ,Shibinai,142.58166666666668,43.64333333333333,310.0
33,12551,美瑛,ビエイ,Biei,142.49333333333334,43.58833333333333,250.0
34,12596,上富良野,カミフラノ,Kami-Furano,142.465,43.455,220.0
35,12607,白金,シロガネ,Shirogane,142.65,43.475,658.0
36,12626,富良野,フラノ,Furano,142.4,43.333333333333336,174.0
37,12632,麓郷,ロクゴウ,Rokugo,142.52166666666668,43.30166666666667,315.0
38,12686,金山,カナヤマ,Kanayama,142.41666666666666,43.138333333333335,284.0
39,12691,幾寅,イクトラ,Ikutora,142.56833333333333,43.16833333333334,350.0
40,12746,占冠,シムカップ,Shimukappu,142.395,42.97833333333333,332.0
41,13011,幌延,ホロノベ,Horonobe,141.85166666666666,45.00666666666667,5.0
42,13061,天塩,テシオ,Teshio,141.76166666666666,44.89333333333333,9.0
43,13086,遠別,エンベツ,Enbetsu,141.80666666666667,44.718333333333334,7.0
44,13121,初山別,ショサンベツ,Shosanbetsu,141.77,44.52333333333333,27.0
45,13146,焼尻,ヤギシリ,Yagishiri,141.42166666666665,44.428333333333335,38.0
46,13181,羽幌,ハボロ,Haboro,141.7,44.36333333333334,8.0
47,13206,古丹別,コタンベツ,Kotanbetsu,141.72166666666666,44.265,15.0
48,13261,達布,タップ,Tappu,141.85666666666665,44.04833333333333,30.0
49,13277,留萌,ルモイ,Rumoi,141.63166666666666,43.945,24.0
50,13311,増毛,マシケ,Mashike,141.51,43.848333333333336,20.0
51,13321,幌糠,ホロヌカ,Horonuka,141.76,43.85333333333333,20.0
52,14026,浜益,ハママス,Hamamasu,141.38666666666666,43.58166666666666,3.0
53,14071,厚田,アツタ,Atsuta,141.43666666666667,43.39666666666667,5.0
54,14101,新篠津,シンシノツ,Shinshinotsu,141.645,43.22,9.0
55,14116,山口,ヤマグチ,Yamaguchi,141.22166666666666,43.14833333333333,5.0
56,14121,石狩,イシカリ,Ishikari,141.37,43.193333333333335,5.0
57,14136,江別,エベツ,Ebetsu,141.60166666666666,43.11,8.0
58,14157,手稲山,テイネヤマ,Mt.Teine,141.20166666666665,43.083333333333336,568.0
59,14163,札幌,サッポロ,Sapporo,141.32833333333335,43.06,17.0
60,14191,小金湯,コガネユ,Koganeyu,141.21666666666667,42.96333333333333,230.0
61,14206,恵庭島松,エニワシママツ,Eniwa-Shimamatsu,141.565,42.92666666666667,30.0
62,14286,支笏湖畔,シコツコハン,Lake-shore Shikotsu,141.40666666666667,42.77166666666667,290.0
63,14296,千歳,チトセ：新千歳空港,Chitose,141.69166666666666,42.775,22.0
64,15041,朱鞠内,シュマリナイ,Shumarinai,142.16166666666666,44.281666666666666,255.0
65,15076,幌加内,ホロカナイ,Horokanai,142.16,44.01,159.0
66,15116,石狩沼田,イシカリヌマタ,Ishikari-Numata,141.92666666666668,43.815,63.0
67,15161,深川,フカガワ,Fukagawa,142.07333333333332,43.718333333333334,55.0
68,15197,雨竜,ウリュウ,Uryu,141.89166666666668,43.66,42.0
69,15216,新城,シンジョウ,Shinjo,142.20333333333335,43.611666666666665,147.0
70,15231,空知吉野,ソラチヨシノ,Sorachi-Yoshino,141.73166666666665,43.595,100.0
71,15241,滝川,タキカワ,Takikawa,141.93833333333333,43.57,50.0
72,15247,赤平,アカビラ,Akabira,142.06666666666666,43.553333333333335,120.0
73,15251,芦別,アシベツ,Ashibetsu,142.19,43.52,91.0
74,15276,浦臼,ウラウス,Urausu,141.80833333333334,43.428333333333335,25.0
75,15311,月形,ツキガタ,Tsukigata,141.61666666666667,43.33,50.0
76,15321,美唄,ビバイ,Bibai,141.82666666666665,43.36333333333334,16.0
77,15356,岩見沢,イワミザワ,Iwamizawa,141.785,43.211666666666666,42.0
78,15391,栗沢,クリサワ,Kurisawa,141.745,43.12166666666667,20.0
79,15431,長沼,ナガヌマ,Naganuma,141.69333333333333,43.01166666666666,13.0
80,15442,夕張,ユウバリ,Yubari,141.95666666666668,43.038333333333334,293.0
81,15451,鹿島,カシマ,Kashima,142.1,43.08,310.0
82,15491,沼の沢,ヌマノサワ,Numanosawa,142.02,42.96,161.0
83,16026,美国,ビクニ,Bikuni,140.56333333333333,43.27166666666667,75.0
84,16061,神恵内,カモエナイ,Kamoenai,140.42333333333335,43.145,50.0
85,16076,余市,ヨイチ,Yoichi,140.75833333333333,43.181666666666665,20.0
86,16091,小樽,オタル,Otaru,141.015,43.181666666666665,25.0
87,16126,赤井川,アカイガワ,Akaigawa,140.82,43.083333333333336,148.0
88,16156,共和,キョウワ,Kyowa,140.60333333333332,42.98,15.0
89,16206,蘭越,ランコシ,Rankoshi,140.54166666666666,42.81,39.0
90,16217,倶知安,クッチャン,Kutchan,140.75666666666666,42.9,176.0
91,16252,寿都,スッツ,Suttsu,140.22333333333333,42.795,33.0
92,16272,ニセコ,ニセコ,Niseko,140.66666666666666,42.778333333333336,113.0
93,16281,真狩,マッカリ,Makkari,140.88,42.775,440.0
94,16286,喜茂別,キモベツ,Kimobetsu,140.94833333333332,42.79333333333334,264.0
95,16321,黒松内,クロマツナイ,Kuromatsunai,140.31,42.663333333333334,27.0
96,17036,雄武,オウム,Omu,142.96333333333334,44.58,14.0
97,17076,興部,オコッペ,Okoppe,143.10833333333332,44.47,8.0
98,17091,西興部,ニシオコッペ,Nishi-Okoppe,142.935,44.33166666666666,120.0
99,17112,紋別,モンベツ,Mombetsu,143.355,44.345,16.0
100,17116,紋別小向,モンベツコムカイ：紋別空港,Mombetsu-Komukai,143.40333333333334,44.303333333333335,18.0
101,17166,湧別,ユウベツ,Yubetsu,143.61833333333334,44.21333333333333,5.0
102,17196,滝上,タキノウエ,Takinoue,143.06166666666667,44.17666666666667,165.0
103,17211,上藻別,カミモベツ,Kamimobetsu,143.335,44.18666666666667,94.0
104,17246,常呂,トコロ,Tokoro,144.03666666666666,44.115,3.0
105,17306,遠軽,エンガル,Engaru,143.54,44.053333333333335,80.0
106,17316,佐呂間,サロマ,Saroma,143.76,44.01833333333333,54.0
107,17341,網走,アバシリ,Abashiri,144.27833333333334,44.016666666666666,38.0
108,17351,宇登呂,ウトロ,Utoro,144.98166666666665,44.05166666666667,144.0
109,17386,丸瀬布,マルセップ,Maruseppu,143.32833333333335,43.95166666666667,242.0
110,17482,白滝,シラタキ,Shirataki,143.15333333333334,43.865,475.0
111,17501,生田原,イクタハラ,Ikutahara,143.53166666666667,43.916666666666664,199.0
112,17512,仁頃山,ニコロヤマ,Mt.Nikoro,143.74666666666667,43.86,261.0
113,17521,北見,キタミ,Kitami,143.84166666666667,43.776666666666664,104.0
114,17531,女満別,メマンベツ：女満別空港,Memanbetsu,144.16333333333333,43.88,33.0
115,17541,東藻琴,ヒガシモコト,Higashi-Mokoto,144.285,43.84,58.0
116,17546,小清水,コシミズ,Koshimizu,144.485,43.84166666666667,52.0
117,17561,斜里,シャリ,Shari,144.7,43.885,15.0
118,17596,留辺蘂,ルベシベ,Rubeshibe,143.45,43.74166666666667,325.0
119,17607,境野,サカイノ,Sakaino,143.64333333333335,43.70666666666666,184.0
120,17631,美幌,ビホロ,Bihoro,144.17166666666665,43.77,60.0
121,17642,山園,ヤマゾノ,Yamazono,144.33666666666667,43.74333333333333,361.0
122,17686,置戸常元,オケトツネモト,Oketo-Tsunemoto,143.44,43.62,368.0
123,17717,津別,ツベツ,Tsubetsu,144.03333333333333,43.70166666666667,100.0
124,17776,津別二又,ツベツフタマタ,Tsubetsu-Futamata,143.865,43.583333333333336,210.0
125,18038,羅臼,ラウス,Rausu,145.18666666666667,44.02333333333333,15.0
126,18091,糸櫛別,イトクシベツ,Itokushibetsu,144.98833333333334,43.721666666666664,115.0
127,18136,標津,シベツ,Shibetsu,145.13166666666666,43.66166666666667,3.0
128,18161,上標津,カミシベツ,Kami-shibetsu,144.74666666666667,43.52,160.0
129,18171,中標津,ナカシベツ,Naka-shibetsu,144.97833333333332,43.54333333333334,50.0
130,18174,根室中標津,ネムロナカシベツ：中標津空港,Nemuro-Nakashibetsu,144.96,43.57666666666667,65.0
131,18256,別海,ベツカイ,Betsukai,145.11833333333334,43.38166666666667,23.0
132,18273,根室,ネムロ,Nemuro,145.585,43.33,25.0
133,18281,納沙布,ノサップ,Nosappu,145.75833333333333,43.39333333333333,12.0
134,18311,厚床,アットコ,Attoko,145.22666666666666,43.221666666666664,41.0
135,19021,川湯,カワユ,Kawayu,144.45666666666668,43.61666666666667,158.0
136,19051,弟子屈,テシカガ,Teshikaga,144.46666666666667,43.51,170.0
137,19076,阿寒湖畔,アカンコハン,Lake-Shore Akan,144.08333333333334,43.43666666666667,426.0
138,19151,標茶,シベチャ,Shibecha,144.58666666666667,43.291666666666664,20.0
139,19191,鶴居,ツルイ,Tsurui,144.325,43.23166666666667,38.0
140,19261,中徹別,ナカテシベツ,Nakateshibetsu,144.14166666666668,43.19833333333333,80.0
141,19281,塘路,トウロ,Toro,144.49666666666667,43.14833333333333,25.0
142,19301,茶内原野,チャナイゲンヤ,Chyanaigenya,144.96666666666667,43.17333333333333,70.0
143,19311,榊町,サカキマチ,Sakakimachi,145.11,43.12,2.0
144,19346,阿寒,アカン,Akan,144.12333333333333,43.11333333333334,40.0
145,19347,鶴丘,ツルオカ：釧路空港,Tsuruoka,144.19166666666666,43.04,95.0
146,19376,太田,オオタ,Ota,144.77833333333334,43.09,85.0
147,19406,二俣,フタマタ,Futamata,143.875,42.971666666666664,45.0
148,19416,白糠,シラヌカ,Shiranuka,144.06166666666667,42.97,9.0
149,19432,釧路,クシロ,Kushiro,144.37666666666667,42.985,5.0
150,19451,知方学,チッポマナイ,Chippomanai,144.735,42.93833333333333,149.0
151,20047,三股,ミツマタ,Mitsumata,143.14833333333334,43.51,660.0
152,20071,小利別,ショウトシベツ,Shotoshibetsu,143.68,43.58833333333333,313.0
153,20146,陸別,リクベツ,Rikubetsu,143.73833333333334,43.468333333333334,207.0
154,20186,ぬかびら源泉郷,ヌカビラゲンセンキョウ,Nukabiragensenkyo,143.19166666666666,43.36666666666667,540.0
155,20202,柏倉,カシワクラ,Kashiwakura,143.45833333333334,43.361666666666665,378.0
156,20222,上螺湾,カミラワン,Kami-rawan,143.80166666666668,43.318333333333335,232.0
157,20266,上士幌,カミシホロ,Kamishihoro,143.295,43.24166666666667,287.0
158,20276,足寄,アショロ,Ashoro,143.55333333333334,43.24333333333333,90.0
159,20331,押帯,オショップ,Oshoppu,143.44333333333333,43.115,104.0
160,20341,本別,ホンベツ,Honbetsu,143.6,43.13166666666667,67.0
161,20356,新得,シントク,Shintoku,142.84,43.07666666666667,178.0
162,20361,鹿追,シカオイ,Shikaoi,142.995,43.10333333333333,206.0
163,20371,駒場,コマバ,Komaba,143.18333333333334,43.05,112.0
164,20421,芽室,メムロ,Memuro,143.04333333333332,42.9,90.0
165,20432,帯広,オビヒロ,Obihiro,143.21166666666667,42.92166666666667,38.0
166,20441,池田,イケダ,Ikeda,143.45833333333334,42.92,42.0
167,20451,留真,ルシン,Rushin,143.66166666666666,42.916666666666664,40.0
168,20506,浦幌,ウラホロ,Urahoro,143.65666666666667,42.80833333333333,20.0
169,20551,帯広泉,オビヒロイズミ：帯広空港,Obihiroizumi,143.21666666666667,42.733333333333334,149.0
170,20556,糠内,ヌカナイ,Nukanai,143.32833333333335,42.78666666666667,70.0
171,20601,上札内,カミサツナイ,Kami-satsunai,143.09666666666666,42.641666666666666,251.0
172,20606,更別,サラベツ,Sarabetsu,143.195,42.651666666666664,185.0
173,20631,大津,オオツ,Otsu,143.64666666666668,42.68666666666667,4.0
174,20696,大樹,タイキ,Taiki,143.27333333333334,42.5,87.0
175,20751,広尾,ヒロオ,Hiroo,143.31666666666666,42.29333333333334,32.0
176,21031,安平,アビラ,Abira,141.82833333333335,42.81333333333333,32.0
177,21111,厚真,アツマ,Atsuma,141.88833333333332,42.73,20.0
178,21126,穂別,ホベツ,Hobetsu,142.14333333333335,42.76166666666667,56.0
179,21161,大滝,オオタキ,Otaki,141.07833333333335,42.67,390.0
180,21171,森野,モリノ,Morino,141.24666666666667,42.63,170.0
181,21187,苫小牧,トマコマイ,Tomakomai,141.54666666666665,42.623333333333335,6.0
182,21226,大岸,オオキシ,Okishi,140.64333333333335,42.59,4.0
183,21237,洞爺湖温泉,トウヤコオンセン,Toyako Onsen,140.80666666666667,42.565,85.0
184,21251,カルルス,カルルス,Karurusu,141.10666666666665,42.516666666666666,300.0
185,21261,白老,シラオイ,Shiraoi,141.35166666666666,42.54333333333334,6.0
186,21276,鵡川,ムカワ,Mukawa,141.93333333333334,42.59,10.0
187,21297,伊達,ダテ,Date,140.84833333333333,42.475,3.0
188,21312,登別,ノボリベツ,Noboribetsu,141.11833333333334,42.458333333333336,197.0
189,21323,室蘭,ムロラン,Muroran,140.975,42.31166666666667,40.0
190,22036,日高,ヒダカ,Hidaka,142.44166666666666,42.876666666666665,280.0
191,22072,仁世宇,ニセウ,Niseu,142.35833333333332,42.77166666666667,150.0
192,22106,旭,アサヒ,Asahi,142.39333333333335,42.62833333333333,245.0
193,22141,日高門別,ヒダカモンベツ,Hidaka-Monbetsu,142.05333333333334,42.49666666666667,47.0
194,22156,新和,シンワ,Shinwa,142.33333333333334,42.54333333333334,60.0
195,22206,笹山,ササヤマ,Sasayama,142.48166666666665,42.43333333333333,110.0
196,22241,静内,シズナイ,Shizunai,142.36166666666668,42.343333333333334,10.0
197,22291,三石,ミツイシ,Mitsuishi,142.66166666666666,42.245,10.0
198,22306,中杵臼,ナカキネウス,Nakakineusu,142.94833333333332,42.223333333333336,98.0
199,22327,浦河,ウラカワ,Urakawa,142.77666666666667,42.16166666666667,37.0
200,22356,目黒,メグロ,Meguro,143.31166666666667,42.12833333333333,7.0
201,22366,幌満,ホロマン,Horoman,143.035,42.07666666666667,0.0
202,22391,えりも岬,エリモミサキ,Cape Erimo,143.24333333333334,41.925,63.0
203,23031,長万部,オシャマンベ,Oshamanbe,140.38166666666666,42.52333333333333,10.0
204,23086,八雲,ヤクモ,Yakumo,140.27166666666668,42.251666666666665,8.0
205,23166,森,モリ,Mori,140.58833333333334,42.06666666666667,125.0
206,23191,大沼,オオヌマ,Lake Onuma,140.715,41.97666666666667,165.0
207,23206,川汲,カックミ,Kakkumi,140.97,41.905,25.0
208,23226,北斗,ホクト,Hokuto,140.65333333333334,41.88666666666667,25.0
209,23232,函館,ハコダテ,Hakodate,140.75333333333333,41.81666666666667,35.0
210,23281,高松,タカマツ：函館空港,Takamatsu,140.82166666666666,41.77,34.0
211,23291,戸井泊,トイトマリ,Toitomari,141.00333333333333,41.71666666666667,20.0
212,23321,知内,シリウチ,Shiriuchi,140.375,41.598333333333336,24.0
213,23326,木古内,キコナイ,Kikonai,140.43666666666667,41.68,10.0
214,23356,千軒,センゲン,Sengen,140.27166666666668,41.55833333333333,100.0
215,23376,松前,マツマエ,Matsumae,140.08666666666667,41.42333333333333,30.0
216,24041,せたな,セタナ,Setana,139.85166666666666,42.45,10.0
217,24051,今金,イマカネ,Imakane,140.00833333333333,42.428333333333335,19.0
218,24101,奥尻,オクシリ,Okushiri,139.55666666666667,42.248333333333335,5.0
219,24141,熊石,クマイシ,Kumaishi,139.985,42.12833333333333,12.0
220,24156,米岡,ヨネオカ：奥尻空港,Yoneoka,139.43166666666667,42.071666666666665,49.0
221,24166,潮見,シオミ,Shiomi,140.08833333333334,42.038333333333334,50.0
222,24201,鶉,ウズラ,Uzura,140.31166666666667,41.93,53.0
223,24217,江差,エサシ,Esashi,140.12333333333333,41.86666666666667,4.0
224,24236,石崎,イシザキ,Ishizaki,140.02833333333334,41.7,5.0
225,31001,大間,オオマ,Oma,140.91166666666666,41.526666666666664,14.0
226,31036,湯野川,ユノカワ,Yunokawa,140.95666666666668,41.31333333333333,162.0
227,31111,むつ,ムツ,Mutsu,141.21,41.28333333333333,3.0
228,31121,小田野沢,オダノサワ,Odanosawa,141.39666666666668,41.235,6.0
229,31136,今別,イマベツ,Imabetsu,140.48166666666665,41.18,30.0
230,31156,脇野沢,ワキノサワ,Wakinosawa,140.82166666666666,41.145,15.0
231,31186,市浦,シウラ,Shiura,140.34666666666666,41.056666666666665,20.0
232,31201,蟹田,カニタ,Kanita,140.63333333333333,41.045,5.0
233,31296,五所川原,ゴショガワラ,Goshogawara,140.45833333333334,40.80833333333333,9.0
234,31312,青森,アオモリ,Aomori,140.76833333333335,40.821666666666665,3.0
235,31321,大和山,ヤマトヤマ,Mt.Yamato,140.985,40.848333333333336,137.0
236,31332,野辺地,ノヘジ,Noheji,141.16,40.885,14.0
237,31336,六ケ所,ロッカショ,Rokkasho,141.27166666666668,40.885,80.0
238,31366,鰺ケ沢,アジガサワ,Ajigasawa,140.205,40.776666666666664,40.0
239,31386,青森大谷,アオモリオオタニ：青森空港,Aomori-Otani,140.68833333333333,40.733333333333334,198.0
240,31411,七戸,シチノヘ,Shichinohe,141.12833333333333,40.708333333333336,57.0
241,31436,深浦,フカウラ,Fukaura,139.93166666666667,40.645,66.0
242,31451,岳,ダケ,Dake,140.26333333333332,40.62833333333333,438.0
243,31461,弘前,ヒロサキ,Hirosaki,140.455,40.611666666666665,30.0
244,31466,黒石,クロイシ,Kuroishi,140.585,40.666666666666664,30.0
245,31482,酸ケ湯,スカユ,Sukayu,140.84833333333333,40.64833333333333,890.0
246,31506,三沢,ミサワ,Misawa,141.375,40.675,39.0
247,31551,大鰐,オオワニ,Owani,140.555,40.53,63.0
248,31562,温川,ヌルカワ,Nurukawa,140.78333333333333,40.515,404.0
249,31586,十和田,トワダ,Towada,141.23333333333332,40.60666666666667,55.0
250,31602,八戸,ハチノヘ,Hachinohe,141.52166666666668,40.526666666666664,27.0
251,31646,碇ケ関,イカリガセキ,Ikarigaseki,140.62,40.48166666666667,135.0
252,31662,休屋,ヤスミヤ,Yasumiya,140.89833333333334,40.42666666666667,414.0
253,31671,戸来,ヘライ,Herai,141.17666666666668,40.468333333333334,125.0
254,31721,三戸,サンノヘ,Sannohe,141.25666666666666,40.38333333333333,60.0
255,32056,八森,ハチモリ,Hachimori,139.94833333333332,40.413333333333334,34.0
256,32071,藤里,フジサト,Fujisato,140.29333333333332,40.32,68.0
257,32091,陣場,ジンバ,Jinba,140.60833333333332,40.403333333333336,176.0
258,32096,藤原,フジワラ,Fujiwara,140.78,40.35333333333333,280.0
259,32111,能代,ノシロ,Noshiro,140.03166666666667,40.19833333333333,6.0
260,32126,鷹巣,タカノス,Takanosu,140.37166666666667,40.22666666666667,29.0
261,32136,大館,オオダテ,Odate,140.505,40.251666666666665,49.0
262,32146,鹿角,カヅノ,Kazuno,140.78666666666666,40.215,123.0
263,32181,脇神,ワキガミ：大館能代空港,Wakigami,140.37166666666667,40.19166666666667,84.0
264,32206,湯瀬,ユゼ,Yuze,140.84,40.12,214.0
265,32266,八幡平,ハチマンタイ,Hachimantai,140.80166666666668,40.013333333333335,578.0
266,32276,男鹿真山,オガシンザン,Mt.Oga-Shinzan,139.78166666666667,39.93833333333333,84.0
267,32286,男鹿,オガ,Oga,139.9,39.91166666666667,20.0
268,32287,大潟,オオガタ,Ogata,139.95,40.0,-3.0
269,32296,五城目,ゴジョウメ,Gojome,140.115,39.93833333333333,6.0
270,32311,阿仁合,アニアイ,Aniai,140.40333333333334,39.99333333333333,120.0
271,32312,比立内,ヒタチナイ,Hitachinai,140.45,39.903333333333336,210.0
272,32376,桧木内,ヒノキナイ,Hinokinai,140.585,39.81166666666667,255.0
273,32402,秋田,アキタ,Akita,140.09833333333333,39.71666666666667,6.0
274,32407,岩見三内,イワミサンナイ,Iwami-Sannai,140.28666666666666,39.70666666666666,41.0
275,32408,仁別,ニベツ,Nibetsu,140.21666666666667,39.8,179.0
276,32426,鎧畑,ヨロイバタ,Yoroibata,140.665,39.775,281.0
277,32431,田沢湖高原,タザワココウゲン,Tazawako Highlands,140.76166666666666,39.778333333333336,652.0
278,32451,雄和,ユウワ：秋田空港,Yuwa,140.21833333333333,39.615,93.0
279,32466,角館,カクノダテ,Kakunodate,140.55666666666667,39.60333333333333,56.0
280,32476,田沢湖,タザワコ,Lake Tazawa,140.73166666666665,39.69833333333333,230.0
281,32496,大正寺,ダイショウジ,Daisho-ji,140.23333333333332,39.526666666666664,20.0
282,32551,大曲,オオマガリ,Omagari,140.495,39.49,30.0
283,32571,本荘,ホンジョウ,Honjo,140.055,39.36,11.0
284,32581,東由利,ヒガシユリ,Higashiyuri,140.28833333333333,39.305,117.0
285,32596,横手,ヨコテ,Yokote,140.555,39.32,59.0
286,32616,にかほ,ニカホ,Nikaho,139.91333333333333,39.255,7.0
287,32626,矢島,ヤシマ,Yashima,140.13666666666666,39.235,46.0
288,32681,笹子,ジネゴ,Jinego,140.29333333333332,39.10333333333333,200.0
289,32691,湯沢,ユザワ,Yuzawa,140.46333333333334,39.18666666666667,74.0
290,32701,東成瀬,ヒガシナルセ,Higashinaruse,140.64833333333334,39.178333333333335,191.0
291,32771,湯の岱,ユノタイ,Yunotai,140.52833333333334,38.96,335.0
292,33006,種市,タネイチ,Taneichi,141.7,40.403333333333336,70.0
293,33026,軽米,カルマイ,Karumai,141.46666666666667,40.325,148.0
294,33071,二戸,ニノヘ,Ninohe,141.29833333333335,40.29833333333333,87.0
295,33086,大野,オオノ,Ohno,141.66666666666666,40.281666666666666,200.0
296,33136,山形,ヤマガタ,Yamagata,141.57166666666666,40.14833333333333,290.0
297,33146,久慈,クジ,Kuji,141.74833333333333,40.16833333333334,13.0
298,33166,荒屋,アラヤ,Araya,141.05,40.10333333333333,290.0
299,33176,奥中山,オクナカヤマ,Mt.Okunaka,141.225,40.06,430.0
300,33186,葛巻,クズマキ,Kuzumaki,141.45666666666668,40.04,418.0
301,33201,下戸鎖,シモトクサリ,Shimotokusari,141.71166666666667,40.083333333333336,239.0
302,33206,普代,フダイ,Fudai,141.88333333333333,40.00333333333333,8.0
303,33226,岩手松尾,イワテマツオ,Iwate-Matsuo,141.065,39.95166666666667,275.0
304,33231,一方井,イッカタイ,Ikkatai,141.16666666666666,39.973333333333336,285.0
305,33296,好摩,コウマ,Koma,141.16666666666666,39.86833333333333,205.0
306,33326,岩泉,イワイズミ,Iwaizumi,141.795,39.846666666666664,105.0
307,33336,小本,オモト,Omoto,141.96333333333334,39.846666666666664,3.0
308,33351,葛根田,カッコンダ,Kakkonda,140.945,39.776666666666664,350.0
309,33361,滝沢,タキザワ,Takizawa,141.09666666666666,39.78,210.0
310,33371,薮川,ヤブカワ,Yabukawa,141.32833333333335,39.78333333333333,680.0
311,33421,雫石,シズクイシ,Shizukuishi,140.975,39.696666666666665,195.0
312,33431,盛岡,モリオカ,Morioka,141.165,39.69833333333333,155.0
313,33441,区界,クザカイ,Kuzakai,141.35333333333332,39.65,734.0
314,33461,刈屋,カリヤ,Kariya,141.77333333333334,39.641666666666666,140.0
315,33472,宮古,ミヤコ,Miyako,141.965,39.64666666666667,43.0
316,33486,沢内,サワウチ,Sawauchi,140.84333333333333,39.54833333333333,407.0
317,33501,紫波,シワ,Shiwa,141.12666666666667,39.54666666666667,125.0
318,33526,川井,カワイ,Kawai,141.68166666666667,39.598333333333336,192.0
319,33566,豊沢,トヨサワ,Toyosawa,140.96833333333333,39.48,300.0
320,33576,花巻,ハナマキ：花巻空港,Hanamaki,141.135,39.428333333333335,90.0
321,33581,大迫,オオハサマ,Ohasama,141.27833333333334,39.47,150.0
322,33596,附馬牛,ツキモウシ,Tsukimoshi,141.50666666666666,39.45666666666666,440.0
323,33611,大槌,オオツチ,Otsuchi,141.80666666666667,39.43833333333333,120.0
324,33616,山田,ヤマダ,Yamada,141.95666666666668,39.45,24.0
325,33631,湯田,ユダ,Yuda,140.77666666666667,39.31,250.0
326,33671,遠野,トオノ,Tono,141.54333333333332,39.33833333333333,275.0
327,33686,新町,シンチョウ,Shincho,141.905,39.36,4.0
328,33711,金ヶ崎,カネガサキ,Kanegasaki,141.015,39.225,170.0
329,33716,北上,キタカミ,Kitakami,141.11,39.288333333333334,61.0
330,33726,米里,ヨネサト,Yonesato,141.31,39.233333333333334,170.0
331,33751,釜石,カマイシ,Kamaishi,141.87833333333333,39.27,5.0
332,33776,若柳,ワカヤナギ,Wakayanagi,141.06333333333333,39.14,97.0
333,33781,江刺,エサシ,Esashi,141.16166666666666,39.18333333333333,42.0
334,33801,住田,スミタ,Sumita,141.57333333333332,39.141666666666666,80.0
335,33831,祭畤,マツルベ,Matsurube,140.865,39.01166666666666,350.0
336,33841,衣川,コロモガワ,Koromogawa,141.045,39.05,75.0
337,33856,大東,ダイトウ,Daito,141.29666666666665,39.038333333333334,140.0
338,33871,陸前高田,リクゼンタカタ,Rikuzen-takata,141.63,39.025,61.0
339,33877,大船渡,オオフナト,Ofunato,141.71333333333334,39.06333333333333,37.0
340,33911,一関,イチノセキ,Ichinoseki,141.125,38.93333333333333,32.0
341,33921,千厩,センマヤ,Senmaya,141.33,38.92166666666667,120.0
342,34012,駒ノ湯,コマノユ,Komanoyu,140.82833333333335,38.913333333333334,525.0
343,34026,気仙沼,ケセンヌマ,Kesennuma,141.55666666666667,38.906666666666666,62.0
344,34056,鴬沢,ウグイスザワ,Uguisuzawa,140.94833333333332,38.805,33.0
345,34096,川渡,カワタビ,Kawatabi,140.76,38.74333333333333,170.0
346,34111,築館,ツキダテ,Tsukidate,141.005,38.735,25.0
347,34171,米山,ヨネヤマ,Yoneyama,141.18833333333333,38.626666666666665,5.0
348,34186,志津川,シヅガワ,Shizugawa,141.44833333333332,38.681666666666665,39.0
349,34206,加美,カミ,Kami,140.72666666666666,38.571666666666665,195.0
350,34216,古川,フルカワ,Furukawa,140.91166666666666,38.598333333333336,28.0
351,34231,桃生,モノウ,Mono,141.245,38.56,5.0
352,34241,雄勝,オガツ,Ogatsu,141.465,38.52,24.0
353,34262,泉ケ岳,イズミガダケ,Mt.Izumigadake,140.72166666666666,38.406666666666666,630.0
354,34266,大衡,オオヒラ,Ohira,140.88833333333332,38.473333333333336,57.0
355,34276,鹿島台,カシマダイ,Kashimadai,141.09166666666667,38.46,3.0
356,34286,東松島,ヒガシマツシマ,Higashi-Matsushima,141.21333333333334,38.42666666666667,4.0
357,34292,石巻,イシノマキ,Ishinomaki,141.29833333333335,38.42666666666667,43.0
358,34296,女川,オナガワ,Onagawa,141.45,38.446666666666665,38.0
359,34311,新川,ニッカワ,Nikkawa,140.63666666666666,38.303333333333335,265.0
360,34331,塩釜,シオガマ,Shiogama,141.01333333333332,38.33833333333333,105.0
361,34392,仙台,センダイ,Sendai,140.89666666666668,38.26166666666666,39.0
362,34431,岩沼,イワヌマ,Iwanuma,140.87666666666667,38.10666666666667,4.0
363,34436,名取,ナトリ：仙台空港,Natori,140.91666666666666,38.138333333333335,2.0
364,34461,白石,シロイシ,Shiroishi,140.61166666666668,38.015,86.0
365,34462,蔵王,ザオウ,Zao,140.68,38.126666666666665,112.0
366,34471,亘理,ワタリ,Watari,140.85833333333332,38.025,4.0
367,34506,丸森,マルモリ,Marumori,140.77833333333334,37.931666666666665,18.0
368,34526,筆甫,ヒッポ,Hippo,140.72833333333332,37.82666666666667,305.0
369,35002,飛島,トビシマ,Tobishima Island,139.54333333333332,39.18333333333333,58.0
370,35052,酒田,サカタ,Sakata,139.84333333333333,38.90833333333333,3.0
371,35056,酒田大沢,サカタオオサワ,Sakata-Osawa,139.99833333333333,38.965,65.0
372,35071,差首鍋,サスナベ,Sasunabe,140.2,38.91833333333334,88.0
373,35086,浜中,ハマナカ：庄内空港,Hamanaka,139.78666666666666,38.81166666666667,22.0
374,35116,金山,カネヤマ,Kaneyama,140.33166666666668,38.87833333333333,170.0
375,35141,鶴岡,ツルオカ,Tsuruoka,139.82833333333335,38.735,16.0
376,35146,狩川,カリカワ,Karikawa,139.97333333333333,38.8,17.0
377,35162,新庄,シンジョウ,Shinjo,140.31166666666667,38.75666666666667,105.0
378,35171,瀬見,セミ,Semi,140.41333333333333,38.755,150.0
379,35176,向町,ムカイマチ,Mukaimachi,140.51666666666668,38.75833333333333,212.0
380,35201,櫛引,クシビキ,Kushibiki,139.84833333333333,38.67166666666667,33.0
381,35216,肘折,ヒジオリ,Hijiori,140.16333333333333,38.60666666666667,330.0
382,35231,尾花沢,オバナザワ,Obanazawa,140.41166666666666,38.608333333333334,106.0
383,35246,鼠ケ関,ネズガセキ,Nezugaseki,139.55166666666668,38.56666666666667,18.0
384,35256,荒沢,アラサワ,Arasawa,139.78166666666667,38.50833333333333,272.0
385,35332,村山,ムラヤマ,Murayama,140.34833333333333,38.46,80.0
386,35334,東根,ヒガシネ：山形空港,Higashine,140.37,38.41166666666667,105.0
387,35361,大井沢,オオイサワ,Oisawa,139.99333333333334,38.39,440.0
388,35376,左沢,アテラザワ,Aterazawa,140.19166666666666,38.37,133.0
389,35426,山形,ヤマガタ,Yamagata,140.345,38.255,153.0
390,35456,長井,ナガイ,Nagai,140.015,38.105,210.0
391,35466,上山中山,カミノヤマナカヤマ,Kaminoyama-Nakayama,140.21333333333334,38.11666666666667,270.0
392,35486,小国,オグニ,Oguni,139.735,38.07833333333333,140.0
393,35511,高畠,タカハタ,Takahata,140.20666666666668,38.00333333333333,220.0
394,35537,中津川,ナカツガワ,Nakatsugawa,139.84333333333333,37.91,390.0
395,35541,高峰,タカミネ,Takamine,139.95666666666668,37.998333333333335,250.0
396,35552,米沢,ヨネザワ,Yonezawa,140.14333333333335,37.91166666666667,245.0
397,36056,茂庭,モニワ,Moniwa,140.43666666666667,37.891666666666666,200.0
398,36066,梁川,ヤナガワ,Yanagawa,140.58833333333334,37.85166666666667,43.0
399,36081,新地,シンチ,Shinchi,140.91833333333332,37.875,10.0
400,36106,桧原,ヒバラ,Hibara,140.05833333333334,37.721666666666664,824.0
401,36127,福島,フクシマ,Fukushima,140.47,37.75833333333333,67.0
402,36151,相馬,ソウマ,Soma,140.925,37.78333333333333,9.0
403,36176,喜多方,キタカタ,Kitakata,139.86333333333334,37.65833333333333,212.0
404,36196,鷲倉,ワシクラ,Washikura,140.26,37.66833333333334,1220.0
405,36221,飯舘,イイタテ,Iitate,140.72666666666666,37.665,463.0
406,36231,原町,ハラマチ,Haramachi,140.98333333333332,37.638333333333335,17.0
407,36251,西会津,ニシアイヅ,Nishiaizu,139.65666666666667,37.58833333333333,165.0
408,36276,猪苗代,イナワシロ,Inawashiro,140.10833333333332,37.55166666666667,519.0
409,36291,二本松,ニホンマツ,Nihonmatsu,140.43,37.583333333333336,235.0
410,36307,津島,ツシマ,Tsushima,140.75333333333333,37.56,400.0
411,36342,金山,カネヤマ,Kaneyama,139.52833333333334,37.473333333333336,296.0
412,36361,若松,ワカマツ,Wakamatsu,139.91,37.48833333333334,212.0
413,36391,船引,フネヒキ,Funehiki,140.57666666666665,37.435,421.0
414,36411,浪江,ナミエ,Namie,140.965,37.49166666666667,47.0
415,36426,只見,タダミ,Tadami,139.31333333333333,37.343333333333334,377.0
416,36461,湖南,コナン,Konan,140.09,37.388333333333335,536.0
417,36476,郡山,コオリヤマ,Koriyama,140.33,37.36833333333333,249.0
418,36501,川内,カワウチ,Kawauchi,140.80833333333334,37.336666666666666,410.0
419,36511,富岡,トミオカ,Tomioka,141.01666666666668,37.346666666666664,50.0
420,36536,南郷,ナンゴウ,Nango,139.53666666666666,37.265,494.0
421,36562,湯本,ユモト,Yumoto,140.06333333333333,37.276666666666664,646.0
422,36571,長沼,ナガヌマ,Naganuma,140.21833333333333,37.288333333333334,317.0
423,36581,玉川,タマカワ：福島空港,Tamakawa,140.42666666666668,37.22666666666667,372.0
424,36591,小野新町,オノニイマチ,Ono-Niimachi,140.625,37.28666666666667,433.0
425,36597,川前,カワマエ,Kawamae,140.72333333333333,37.24666666666667,492.0
426,36611,広野,ヒロノ,Hirono,141.0,37.233333333333334,43.0
427,36641,田島,タジマ,Tajima,139.795,37.20666666666666,544.0
428,36667,白河,シラカワ,Shirakawa,140.215,37.13166666666667,355.0
429,36676,石川,イシカワ,Ishikawa,140.46,37.14666666666667,290.0
430,36716,桧枝岐,ヒノエマタ,Hinoemata,139.375,37.01,973.0
431,36726,舘岩,タテイワ,Tateiwa,139.53166666666667,37.09166666666667,690.0
432,36766,古殿,フルドノ,Furudono,140.56,37.09,347.0
433,36781,平,タイラ,Taira,140.87666666666667,37.065,12.0
434,36821,東白川,ヒガシシラカワ,Higashi-Shirakawa,140.40833333333333,36.93833333333333,183.0
435,36836,山田,ヤマダ,Yamada,140.73333333333332,36.93333333333333,25.0
436,36846,小名浜,オナハマ,Onahama,140.90333333333334,36.946666666666665,3.0
437,40041,花園,ハナゾノ,Hanazono,140.63666666666666,36.86833333333333,370.0
438,40046,北茨城,キタイバラキ,KitaIbaraki,140.77166666666668,36.833333333333336,5.0
439,40061,大子,ダイゴ,Daigo,140.345,36.778333333333336,120.0
440,40066,徳田,トクダ,Tokuda,140.48166666666665,36.778333333333336,270.0
441,40076,大能,オオノウ,Ono,140.59333333333333,36.74333333333333,395.0
442,40091,常陸大宮,ヒタチオオミヤ,Hitachi-omiya,140.325,36.60666666666667,95.0
443,40126,中野,ナカノ,Nakano,140.47333333333333,36.515,17.0
444,40136,日立,ヒタチ,Hitachi,140.645,36.58,34.0
445,40181,門井,カドイ,Kadoi,140.03333333333333,36.333333333333336,40.0
446,40191,笠間,カサマ,Kasama,140.24,36.395,72.0
447,40201,水戸,ミト,Mito,140.46666666666667,36.38,29.0
448,40221,古河,コガ,Koga,139.71666666666667,36.20166666666667,20.0
449,40231,下館,シモダテ,Shimodate,139.98833333333334,36.281666666666666,24.0
450,40241,柿岡,カキオカ,Kakioka,140.18833333333333,36.233333333333334,27.0
451,40251,美野里,ミノリ,Minori,140.325,36.236666666666665,25.0
452,40281,下妻,シモツマ,Shimotsuma,139.945,36.16833333333334,20.0
453,40311,鉾田,ホコタ,Hokota,140.52666666666667,36.16833333333334,32.0
454,40326,坂東,バンドウ,Bando,139.89333333333335,36.035,16.0
455,40336,つくば,ツクバ,Tsukuba,140.125,36.056666666666665,25.0
456,40341,土浦,ツチウラ,Tsuchiura,140.22,36.10333333333333,26.0
457,40391,江戸崎,エドサキ,Edosaki,140.32,35.96,25.0
458,40406,鹿嶋,カシマ,Kashima,140.62166666666667,35.96333333333333,37.0
459,40426,龍ケ崎,リュウガサキ,Ryugasaki,140.21166666666667,35.89,4.0
460,41011,那須高原,ナスコウゲン,Nasu Highlands,140.035,37.123333333333335,749.0
461,41076,五十里,イカリ,Ikari,139.695,36.92166666666667,620.0
462,41091,黒磯,クロイソ,Kuroiso,140.01833333333335,36.98166666666667,343.0
463,41116,土呂部,ドロブ,Dorobu,139.56833333333333,36.891666666666666,925.0
464,41141,大田原,オオタワラ,Otawara,140.035,36.84,188.0
465,41166,奥日光,オクニッコウ,Oku-Nikko,139.5,36.73833333333333,1292.0
466,41171,今市,イマイチ,Imaichi,139.67666666666668,36.72666666666667,414.0
467,41181,塩谷,シオヤ,Shioya,139.88333333333333,36.75666666666667,225.0
468,41211,足尾,アシオ,Ashio,139.44833333333332,36.64666666666667,650.0
469,41241,高根沢,タカネザワ,Takanezawa,139.99833333333333,36.60666666666667,148.0
470,41247,那須烏山,ナスカラスヤマ,Nasu-Karasuyama,140.11666666666667,36.641666666666666,82.0
471,41271,鹿沼,カヌマ,Kanuma,139.735,36.59166666666667,165.0
472,41277,宇都宮,ウツノミヤ,Utsunomiya,139.86833333333334,36.54833333333333,119.0
473,41311,葛生,クズウ,Kuzuu,139.59,36.431666666666665,120.0
474,41331,真岡,モオカ,Mooka,139.98666666666668,36.47666666666667,91.0
475,41356,足利,アシカガ,Ashikaga,139.47333333333333,36.30166666666667,28.0
476,41361,佐野,サノ,Sano,139.57,36.36333333333334,68.0
477,41371,栃木,トチギ,Tochigi,139.70333333333335,36.373333333333335,65.0
478,41376,小山,オヤマ,Oyama,139.83,36.33833333333333,44.0
479,42046,藤原,フジワラ,Fujiwara,139.05833333333334,36.86333333333333,700.0
480,42091,みなかみ,ミナカミ,Minakami,138.965,36.77333333333333,524.0
481,42106,片品,カタシナ,Katashina,139.23833333333334,36.77166666666667,861.0
482,42121,草津,クサツ,Kusatsu,138.59166666666667,36.61666666666667,1223.0
483,42146,沼田,ヌマタ,Numata,139.02166666666668,36.66833333333334,390.0
484,42186,中之条,ナカノジョウ,Nakanojo,138.85,36.586666666666666,354.0
485,42221,田代,タシロ,Tashiro,138.46333333333334,36.46333333333333,1230.0
486,42241,榛名山,ハルナサン,Mt. Haruna,138.87333333333333,36.471666666666664,1088.0
487,42251,前橋,マエバシ,Maebashi,139.06,36.405,112.0
488,42261,黒保根,クロホネ,kurohone,139.28333333333333,36.501666666666665,285.0
489,42266,桐生,キリュウ,Kiryu,139.325,36.41,117.0
490,42286,上里見,カミサトミ,Kami-Satomi,138.895,36.376666666666665,183.0
491,42302,伊勢崎,イセサキ,Isesaki,139.165,36.33166666666666,64.0
492,42326,西野牧,ニシノマキ,Nishinomaki,138.70666666666668,36.245,375.0
493,42341,藤岡,フジオカ,Fujioka,139.07,36.24166666666667,95.0
494,42366,館林,タテバヤシ,Tatebayashi,139.51333333333332,36.24,23.0
495,42396,神流,カンナ,Kanna,138.89666666666668,36.108333333333334,357.0
496,43051,寄居,ヨリイ,Yorii,139.18333333333334,36.105,128.0
497,43056,熊谷,クマガヤ,Kumagaya,139.38,36.15,30.0
498,43091,上吉田,カミヨシダ,Kamiyoshida,138.98,36.053333333333335,275.0
499,43121,鴻巣,コウノス,Konosu,139.52166666666668,36.065,15.0
500,43126,久喜,クキ,Kuki,139.635,36.086666666666666,12.0
501,43151,三峰,ミツミネ,Mitsumine,138.92333333333335,35.92666666666667,975.0
502,43156,秩父,チチブ,Chichibu,139.07333333333332,35.99,232.0
503,43157,浦山,ウラヤマ,Urayama,139.07,35.92,400.0
504,43162,ときがわ,トキガワ,Tokigawa,139.20666666666668,35.99,295.0
505,43171,鳩山,ハトヤマ,Hatoyama,139.335,35.985,44.0
506,43231,飯能,ハンノウ,Hanno,139.32166666666666,35.83833333333333,84.0
507,43241,さいたま,サイタマ,Saitama,139.58666666666667,35.875,8.0
508,43256,越谷,コシガヤ,Koshigaya,139.75666666666666,35.88333333333333,3.0
509,43266,所沢,トコロザワ,Tokorozawa,139.41333333333333,35.77333333333333,119.0
510,44046,小河内,オゴウチ,Ogochi,139.05,35.791666666666664,530.0
511,44051,小沢,オザワ,Ozawa,139.12333333333333,35.735,420.0
512,44056,青梅,オウメ,Ome,139.31166666666667,35.788333333333334,155.0
513,44071,練馬,ネリマ,Nerima,139.59166666666667,35.73833333333333,51.0
514,44112,八王子,ハチオウジ,Hachioji,139.31666666666666,35.666666666666664,123.0
515,44116,府中,フチュウ,Fuchu,139.48333333333332,35.68333333333333,59.0
516,44126,世田谷,セタガヤ,Setagaya,139.62,35.626666666666665,35.0
517,44132,東京,トウキョウ,Tokyo,139.75,35.69166666666667,25.0
518,44136,江戸川臨海,エドガワリンカイ,Edogawa Seaside,139.86333333333334,35.638333333333335,5.0
519,44166,羽田,ハネダ：東京国際空港,Haneda,139.78,35.553333333333335,6.0
520,44172,大島,オオシマ,Oshima Island,139.36166666666668,34.748333333333335,74.0
521,44173,大島北ノ山,オオシマキタノヤマ：大島空港,Oshima-Kitanoyama,139.36,34.781666666666666,38.0
522,44191,利島,トシマ,Toshima Island,139.28166666666667,34.528333333333336,100.0
523,44207,新島,ニイジマ：新島空港,Niijima Island,139.26833333333335,34.36833333333333,29.0
524,44216,神津島,コウヅシマ：神津島空港,Kozushima Island,139.13333333333333,34.18833333333333,138.0
525,44226,三宅島,ミヤケジマ,Miyakejima Island,139.52,34.123333333333335,38.0
526,44228,三宅坪田,ミヤケツボタ：三宅島空港,Miyake-Tsubota,139.56,34.07333333333333,20.0
527,44262,八重見ヶ原,ヤエミガハラ：八丈島空港,Yaemigahara,139.785,33.115,92.0
528,44263,八丈島,ハチジョウジマ,Hachijojima Island,139.77833333333334,33.12166666666667,151.0
529,44281,青ヶ島,アオガシマ,Aogashima Island,139.76,32.46666666666667,272.0
530,44301,父島,チチジマ,Chichijima Island,142.19,27.091666666666665,3.0
531,44316,母島,ハハジマ,Hahajima Island,142.16166666666666,26.635,32.0
532,44356,南鳥島,ミナミトリシマ,Minamitorishima Island,153.98333333333332,24.288333333333334,7.0
533,45061,我孫子,アビコ,Abiko,140.11,35.86333333333333,20.0
534,45081,香取,カトリ,Katori,140.50166666666667,35.858333333333334,37.0
535,45086,東庄,トウノショウ,Tonosho,140.68166666666667,35.795,52.0
536,45106,船橋,フナバシ,Funabashi,140.04333333333332,35.711666666666666,28.0
537,45116,佐倉,サクラ,Sakura,140.21166666666667,35.72833333333333,5.0
538,45121,成田,ナリタ：成田国際空港,Narita,140.385,35.763333333333335,41.0
539,45147,銚子,チョウシ,Choshi,140.85666666666665,35.73833333333333,20.0
540,45181,横芝光,ヨコシバヒカリ,Yokoshibahikari,140.48,35.656666666666666,6.0
541,45212,千葉,チバ,Chiba,140.10333333333332,35.60166666666667,3.0
542,45261,茂原,モバラ,Mobara,140.29333333333332,35.43666666666667,11.0
543,45282,木更津,キサラヅ,Kisarazu,139.94,35.361666666666665,60.0
544,45291,牛久,ウシク,Ushiku,140.14833333333334,35.39666666666667,30.0
545,45326,坂畑,サカハタ,Sakahata,140.09833333333333,35.235,120.0
546,45331,大多喜,オオタキ,Otaki,140.215,35.251666666666665,70.0
547,45346,鋸南,キョナン,Kyonan,139.83666666666667,35.12166666666667,10.0
548,45361,鴨川,カモガワ,Kamogawa,140.1,35.111666666666665,5.0
549,45371,勝浦,カツウラ,Katsuura,140.31166666666667,35.15,12.0
550,45401,館山,タテヤマ,Tateyama,139.865,34.986666666666665,6.0
551,46001,相模湖,サガミコ,Lake Sagami,139.19333333333333,35.61333333333333,188.0
552,46046,相模原中央,サガミハラチュウオウ,Sagamihara-Chuo,139.37,35.571666666666665,149.0
553,46061,日吉,ヒヨシ,Hiyoshi,139.65,35.55166666666667,57.0
554,46076,丹沢湖,タンザワコ,Lake Tanzawa,139.04333333333332,35.41,330.0
555,46091,海老名,エビナ,Ebina,139.38666666666666,35.43333333333333,18.0
556,46106,横浜,ヨコハマ,Yokohama,139.65166666666667,35.43833333333333,39.0
557,46136,平塚,ヒラツカ,Hiratsuka,139.305,35.345,20.0
558,46141,辻堂,ツジドウ,Tsujido,139.45,35.32,5.0
559,46161,箱根,ハコネ,Hakone,139.04166666666666,35.221666666666664,855.0
560,46166,小田原,オダワラ,Odawara,139.155,35.276666666666664,14.0
561,46211,三浦,ミウラ,Miura,139.63,35.178333333333335,42.0
562,48031,野沢温泉,ノザワオンセン,Nozawa Onsen,138.44166666666666,36.91166666666667,576.0
563,48061,信濃町,シナノマチ,Shinano-Machi,138.19666666666666,36.80833333333333,685.0
564,48066,飯山,イイヤマ,Iiyama,138.375,36.875,313.0
565,48097,小谷,オタリ,Otari,137.93,36.821666666666665,550.0
566,48141,白馬,ハクバ,Hakuba,137.86166666666668,36.69833333333333,703.0
567,48146,鬼無里,キナサ,Kinasa,137.965,36.68833333333333,778.0
568,48156,長野,ナガノ,Nagano,138.19166666666666,36.66166666666667,418.0
569,48172,笠岳,カサダケ,Kasadake,138.45833333333334,36.665,1473.0
570,48191,大町,オオマチ,Omachi,137.83166666666668,36.52333333333333,784.0
571,48196,信州新町,シンシュウシンマチ,Shinshu-Shinmachi,137.99666666666667,36.54833333333333,509.0
572,48216,菅平,スガダイラ,Sugadaira,138.325,36.531666666666666,1253.0
573,48247,聖高原,ヒジリコウゲン,Hijiri Highlands,138.06833333333333,36.486666666666665,985.0
574,48256,上田,ウエダ,Ueda,138.265,36.4,502.0
575,48296,穂高,ホタカ,Hotaka,137.88166666666666,36.343333333333334,540.0
576,48321,東御,トウミ,Tomi,138.38333333333333,36.38333333333333,958.0
577,48331,軽井沢,カルイザワ,Karuizawa,138.54666666666665,36.34166666666667,999.0
578,48346,上高地,カミコウチ,Kamikochi,137.63333333333333,36.248333333333335,1510.0
579,48361,松本,マツモト,Matsumoto,137.97,36.24666666666667,610.0
580,48363,松本今井,マツモトイマイ：松本空港,Matsumoto-Imai,137.92166666666665,36.166666666666664,658.0
581,48371,鹿教湯,カケユ,Kakeyu,138.13666666666666,36.30166666666667,721.0
582,48381,立科,タテシナ,Tateshina,138.31333333333333,36.27166666666667,715.0
583,48386,佐久,サク,Saku,138.47666666666666,36.24666666666667,683.0
584,48436,白樺湖,シラカバコ,Lake Shirakaba,138.22833333333332,36.105,1440.0
585,48466,奈川,ナガワ,Nagawa,137.68333333333334,36.08833333333333,1068.0
586,48491,諏訪,スワ,Suwa,138.10833333333332,36.045,760.0
587,48516,北相木,キタアイキ,Kitaaiki,138.61166666666668,36.071666666666665,1185.0
588,48531,開田高原,カイダコウゲン,Kaida Highlands,137.60166666666666,35.93833333333333,1130.0
589,48536,木祖薮原,キソヤブハラ,Kiso-Yabuhara,137.78666666666666,35.93666666666667,985.0
590,48546,辰野,タツノ,Tatsuno,137.98333333333332,35.983333333333334,732.0
591,48556,高遠,タカトオ,Takato,138.10833333333332,35.95333333333333,1075.0
592,48561,原村,ハラムラ,Haramura,138.22,35.97,1017.0
593,48571,野辺山,ノベヤマ,Nobeyama,138.47166666666666,35.94833333333333,1350.0
594,48601,御嶽山,オンタケサン,Mt.Ontakesan,137.50333333333333,35.87166666666667,2195.0
595,48606,木曽福島,キソフクシマ,Kiso-Fukushima,137.68833333333333,35.84,750.0
596,48621,伊那,イナ,Ina,137.955,35.825,633.0
597,48681,宮田高原,ミヤダコウゲン,Miyata Highlands,137.885,35.77333333333333,1660.0
598,48691,杉島,スギシマ,Sugishima,138.09333333333333,35.72666666666667,905.0
599,48716,須原,スハラ,Suhara,137.69166666666666,35.69833333333333,535.0
600,48717,南木曽,ナギソ,Nagiso,137.62,35.61,560.0
601,48731,飯島,イイジマ,Iijima,137.89833333333334,35.653333333333336,728.0
602,48737,大鹿,オオシカ,Oshika,138.04,35.556666666666665,718.0
603,48767,飯田,イイダ,Iida,137.82166666666666,35.52333333333333,516.0
604,48826,浪合,ナミアイ,Namiai,137.69166666666666,35.373333333333335,940.0
605,48836,阿南,アナン,Anan,137.81166666666667,35.31333333333333,610.0
606,48841,南信濃,ミナミシナノ,Minami-Shinano,137.93166666666667,35.321666666666665,407.0
607,49036,大泉,オオイズミ,Oizumi,138.38666666666666,35.861666666666665,867.0
608,49052,乙女湖,オトメコ,Lake Otome,138.655,35.806666666666665,1465.0
609,49086,韮崎,ニラサキ,Nirasaki,138.44833333333332,35.693333333333335,341.0
610,49142,甲府,コウフ,Kofu,138.55333333333334,35.666666666666664,273.0
611,49151,勝沼,カツヌマ,Katsunuma,138.725,35.663333333333334,394.0
612,49161,大月,オオツキ,Otsuki,138.93833333333333,35.608333333333334,364.0
613,49172,上野原,ウエノハラ,Uenohara,139.105,35.62,187.0
614,49187,富士川,フジカワ,Fujikawa,138.44833333333332,35.56166666666667,295.0
615,49196,古関,フルセキ,Furuseki,138.615,35.528333333333336,552.0
616,49236,切石,キリイシ,Kiriishi,138.44166666666666,35.46666666666667,226.0
617,49251,河口湖,カワグチコ,Lake Kawaguchi,138.76,35.5,860.0
618,49256,山中,ヤマナカ,Yamanaka,138.83666666666667,35.43666666666667,992.0
619,49316,南部,ナンブ,Nanbu,138.445,35.288333333333334,141.0
620,50056,白糸,シライト,Shiraito,138.57833333333335,35.31166666666667,530.0
621,50066,富士山,フジサン,Mt.Fuji,138.72666666666666,35.36,3775.0
622,50106,井川,イカワ,Ikawa,138.22166666666666,35.21666666666667,755.0
623,50112,有東木,ウトウギ,Utogi,138.36833333333334,35.20666666666666,585.0
624,50136,御殿場,ゴテンバ,Gotenba,138.92666666666668,35.305,472.0
625,50196,富士,フジ,Fuji,138.66333333333333,35.185,66.0
626,50206,三島,ミシマ,Mishima,138.925,35.11333333333334,21.0
627,50211,熱海伊豆山,アタミイズサン,Atamiizusan,139.08333333333334,35.115,144.0
628,50226,佐久間,サクマ,Sakuma,137.76166666666666,35.056666666666665,150.0
629,50232,春野,ハルノ,Haruno,137.945,35.01166666666666,486.0
630,50241,川根本町,カワネホンチョウ,Kawane-Honcho,138.12833333333333,35.10166666666667,290.0
631,50247,鍵穴,カギアナ,Kagiana,138.24666666666667,35.04833333333333,160.0
632,50261,清水,シミズ,Shimizu,138.52166666666668,35.053333333333335,3.0
633,50281,網代,アジロ,Ajiro,139.09166666666667,35.045,67.0
634,50296,熊,クマ,Kuma,137.73333333333332,34.958333333333336,375.0
635,50317,高根山,タカネサン,Mt.Takane,138.19666666666666,34.975,415.0
636,50331,静岡,シズオカ,Shizuoka,138.40333333333334,34.975,14.0
637,50371,三ヶ日,ミッカビ,Mikkabi,137.55666666666667,34.80166666666667,2.0
638,50386,天竜,テンリュウ,Tenryu,137.81333333333333,34.89,61.0
639,50391,三倉,ミクラ,Mikura,137.94,34.895,114.0
640,50416,土肥,トイ,Toi,138.76166666666666,34.876666666666665,92.0
641,50426,湯ケ島,ユガシマ,Yugashima,138.925,34.9,165.0
642,50427,天城山,アマギサン,Mt.Amagi,139.02333333333334,34.87166666666667,1066.0
643,50456,浜松,ハママツ,Hamamatsu,137.71166666666667,34.75333333333333,46.0
644,50466,掛川,カケガワ,Kakegawa,137.995,34.76833333333333,32.0
645,50476,菊川牧之原,キクガワマキノハラ,Kikugawa-Makinohara,138.13833333333332,34.785,191.0
646,50477,静岡空港,シズオカクウコウ：静岡空港,Shizuoka Airport,138.18833333333333,34.795,132.0
647,50491,松崎,マツザキ,Matsuzaki,138.78333333333333,34.755,4.0
648,50506,稲取,イナトリ,Inatori,139.04833333333335,34.781666666666666,130.0
649,50536,磐田,イワタ,Iwata,137.88,34.69166666666667,1.0
650,50551,御前崎,オマエザキ,Omaezaki,138.21333333333334,34.60333333333333,45.0
651,50561,石廊崎,イロウザキ,Irozaki,138.84166666666667,34.60333333333333,52.0
652,51011,一宮,イチノミヤ,Ichinomiya,136.85333333333332,35.29833333333333,11.0
653,51031,愛西,アイサイ,Aisai,136.69833333333332,35.21666666666667,5.0
654,51056,小原,オバラ,Obara,137.285,35.22833333333333,290.0
655,51071,稲武,イナブ,Inabu,137.50666666666666,35.211666666666666,505.0
656,51077,茶臼山,チャウスヤマ,Mt. Chyausu,137.66,35.22,1216.0
657,51096,蟹江,カニエ,Kanie,136.79166666666666,35.13666666666666,2.0
658,51106,名古屋,ナゴヤ,Nagoya,136.965,35.166666666666664,51.0
659,51116,豊田,トヨタ,Toyota,137.17666666666668,35.13166666666667,75.0
660,51216,大府,オオブ,Obu,136.94333333333333,34.995,32.0
661,51192,阿蔵,アゾウ,Azo,137.41333333333333,35.07833333333333,613.0
662,51226,岡崎,オカザキ,Okazaki,137.19333333333333,34.91833333333334,47.0
663,51241,作手,ツクデ,Tsukude,137.425,34.97666666666667,532.0
664,51247,新城,シンシロ,Shinshiro,137.51833333333335,34.906666666666666,53.0
665,51261,セントレア,セントレア：中部国際空港,Centrair,136.805,34.858333333333334,4.0
666,51271,一色,イッシキ,Isshiki,137.02833333333334,34.81166666666667,12.0
667,51281,蒲郡,ガマゴオリ,Gamagori,137.21666666666667,34.845,55.0
668,51311,南知多,ミナミチタ,Minamichita,136.93833333333333,34.74,16.0
669,51331,豊橋,トヨハシ,Toyohashi,137.34166666666667,34.75,3.0
670,51346,伊良湖,イラコ,Irako,137.09333333333333,34.62833333333333,6.0
671,51356,田原,タハラ,Tahara,137.22166666666666,34.626666666666665,45.0
672,52041,河合,カワイ,Kawai,137.1,36.305,471.0
673,52051,神岡,カミオカ,Kamioka,137.30833333333334,36.321666666666665,455.0
674,52081,白川,シラカワ,Shirakawa,136.89666666666668,36.27333333333333,478.0
675,52111,栃尾,トチオ,Tochio,137.50333333333333,36.248333333333335,765.0
676,52131,御母衣,ミボロ,Miboro,136.90833333333333,36.14666666666667,640.0
677,52137,清見,キヨミ,Kiyomi,137.045,36.18,740.0
678,52146,高山,タカヤマ,Takayama,137.25333333333333,36.155,560.0
679,52152,丹生川,ニュウカワ,Nyukawa,137.37166666666667,36.18666666666667,910.0
680,52173,ひるがの,ヒルガノ,Hirugano,136.89333333333335,36.01,885.0
681,52181,六厩,ムマヤ,Mumaya,137.035,36.06,1015.0
682,52192,船山,フナヤマ,Mt.Funayama,137.26,36.035,880.0
683,52196,宮之前,ミヤノマエ,Miyanomae,137.38833333333332,36.015,930.0
684,52221,長滝,ナガタキ,Nagataki,136.83166666666668,35.92333333333333,430.0
685,52286,萩原,ハギワラ,Hagiwara,137.20666666666668,35.888333333333335,425.0
686,52321,関市板取,セキシイタドリ,"Itadori, Seki City",136.78333333333333,35.723333333333336,351.0
687,52331,八幡,ハチマン,Hachiman,136.97833333333332,35.75666666666667,271.0
688,52346,宮地,ミヤジ,Miyaji,137.28833333333333,35.763333333333335,450.0
689,52381,樽見,タルミ,Tarumi,136.60166666666666,35.638333333333335,190.0
690,52406,金山,カナヤマ,Kanayama,137.16,35.66166666666667,233.0
691,52421,付知,ツケチ,Tsukechi,137.42666666666668,35.66166666666667,461.0
692,52461,美濃,ミノ,Mino,136.91,35.555,68.0
693,52476,伽藍,ガラン,Garan,137.23,35.515,650.0
694,52482,黒川,クロカワ,Kurokawa,137.31833333333333,35.598333333333336,517.0
695,52511,揖斐川,イビガワ,Ibigawa,136.56666666666666,35.485,45.0
696,52536,美濃加茂,ミノカモ,Minokamo,137.005,35.445,74.0
697,52556,恵那,エナ,Ena,137.40333333333334,35.446666666666665,315.0
698,52557,中津川,ナカツガワ,Nakatsugawa,137.48666666666668,35.47666666666667,378.0
699,52571,関ケ原,セキガハラ,Sekigahara,136.46666666666667,35.36333333333334,130.0
700,52581,大垣,オオガキ,Ogaki,136.62,35.346666666666664,6.0
701,52586,岐阜,ギフ,Gifu,136.76166666666666,35.4,13.0
702,52606,多治見,タジミ,Tajimi,137.10833333333332,35.346666666666664,120.0
703,52642,上石津,カミイシヅ,Kamiishizu,136.45833333333334,35.24666666666667,193.0
704,53016,北勢,ホクセイ,Hokusei,136.53833333333333,35.14333333333333,125.0
705,53041,桑名,クワナ,Kuwana,136.69333333333333,35.05,3.0
706,53061,四日市,ヨッカイチ,Yokkaichi,136.58,34.94,55.0
707,53091,亀山,カメヤマ,Kameyama,136.45333333333335,34.87,70.0
708,53112,上野,ウエノ,Ueno,136.14166666666668,34.76166666666667,159.0
709,53121,笠取山,カサトリヤマ,Mt.Kasatori,136.30833333333334,34.725,810.0
710,53133,津,ツ,Tsu,136.51833333333335,34.733333333333334,3.0
711,53141,名張,ナバリ,Nabari,136.10833333333332,34.626666666666665,226.0
712,53151,白山,ハクサン,Hakusan,136.32166666666666,34.625,60.0
713,53196,小俣,オバタ,Obata,136.665,34.528333333333336,10.0
714,53231,粥見,カユミ,Kayumi,136.39,34.44833333333333,120.0
715,53257,鳥羽,トバ,Toba,136.825,34.48166666666667,2.0
716,53287,藤坂峠,フジサカトウゲ,Fujisaka Pass,136.48833333333334,34.32333333333333,560.0
717,53296,南伊勢,ミナミイセ,Minami-Ise,136.68166666666667,34.345,6.0
718,53307,阿児,アゴ,Ago,136.87333333333333,34.30833333333333,31.0
719,53321,宮川,ミヤガワ,Miyagawa,136.20833333333334,34.278333333333336,205.0
720,53326,紀伊長島,キイナガシマ,Kii-Nagashima,136.32666666666665,34.208333333333336,3.0
721,53378,尾鷲,オワセ,Owase,136.19333333333333,34.068333333333335,15.0
722,53401,熊野新鹿,クマノアタシカ,Kumano-Atashika,136.13833333333332,33.931666666666665,23.0
723,53416,御浜,ミハマ,Mihama,135.98,33.85166666666667,130.0
724,54012,粟島,アワシマ,Awashima Island,139.25333333333333,38.465,4.0
725,54041,弾崎,ハジキザキ,Hajikizaki,138.51166666666666,38.33,58.0
726,54056,高根,タカネ,Takane,139.60333333333332,38.33,85.0
727,54086,村上,ムラカミ,Murakami,139.47833333333332,38.22666666666667,10.0
728,54097,三面,ミオモテ,Miomote,139.605,38.24666666666667,45.0
729,54157,相川,アイカワ,Aikawa,138.24,38.028333333333336,6.0
730,54166,両津,リョウツ,Ryotsu,138.44,38.07333333333333,2.0
731,54181,中条,ナカジョウ,Nakajo,139.38833333333332,38.07666666666667,14.0
732,54191,下関,シモセキ,Shimoseki,139.56333333333333,38.09166666666667,33.0
733,54232,新潟,ニイガタ,Niigata,139.01833333333335,37.89333333333333,4.0
734,54236,松浜,マツハマ：新潟空港,Matsuhama,139.11166666666668,37.955,1.0
735,54271,羽茂,ハモチ,Hamochi,138.31333333333333,37.84166666666667,11.0
736,54296,新津,ニイツ,Niitsu,139.08666666666667,37.791666666666664,3.0
737,54301,瓢湖,ヒョウコ,Hyoko,139.23666666666668,37.833333333333336,9.0
738,54311,赤谷,アカダニ,Akadani,139.415,37.835,135.0
739,54341,巻,マキ,Maki,138.91333333333333,37.76833333333333,2.0
740,54387,寺泊,テラドマリ,Teradomari,138.76666666666668,37.64,44.0
741,54396,三条,サンジョウ,Sanjo,138.955,37.64,9.0
742,54406,村松,ムラマツ,Muramatsu,139.18833333333333,37.696666666666665,25.0
743,54421,津川,ツガワ,Tsugawa,139.44666666666666,37.67166666666667,100.0
744,54462,宮寄上,ミヤヨリカミ,Miyayorikami,139.14,37.58,125.0
745,54472,室谷,ムロヤ,Muroya,139.37,37.55,200.0
746,54501,長岡,ナガオカ,Nagaoka,138.82333333333332,37.45,23.0
747,54506,栃尾,トチオ,Tochio,138.99166666666667,37.475,83.0
748,54541,柏崎,カシワザキ,Kashiwazaki,138.55333333333334,37.35166666666667,7.0
749,54566,守門,スモン,Sumon,139.04333333333332,37.346666666666664,222.0
750,54586,大潟,オオガタ,Ogata,138.325,37.225,13.0
751,54606,小国,オグニ,Oguni,138.70166666666665,37.291666666666664,83.0
752,54616,小出,コイデ,Koide,138.96333333333334,37.22666666666667,98.0
753,54621,大湯,オオユ,Oyu,139.06166666666667,37.205,240.0
754,54651,高田,タカダ,Takada,138.24666666666667,37.10666666666667,13.0
755,54661,安塚,ヤスヅカ,Yasuzuka,138.45666666666668,37.10666666666667,126.0
756,54666,川谷,カワダニ,Kawadani,138.51666666666668,37.2,206.0
757,54671,松代,マツダイ,Matsudai,138.60666666666665,37.13166666666667,210.0
758,54676,十日町,トオカマチ,Tokamachi,138.72666666666666,37.14333333333333,170.0
759,54711,糸魚川,イトイガワ,Itoigawa,137.875,37.04333333333334,8.0
760,54721,能生,ノウ,Nou,138.02333333333334,37.083333333333336,55.0
761,54737,筒方,ドウガタ,Dogata,138.34333333333333,37.03,255.0
762,54761,塩沢,シオザワ,Shiozawa,138.84666666666666,37.038333333333334,195.0
763,54816,関山,セキヤマ,Sekiyama,138.22166666666666,36.93333333333333,350.0
764,54836,津南,ツナン,Tsunan,138.68333333333334,36.99666666666667,452.0
765,54841,湯沢,ユザワ,Yuzawa,138.81,36.94166666666667,340.0
766,54876,平岩,ヒライワ,Hiraiwa,137.86333333333334,36.88666666666667,260.0
767,54892,樽本,タルモト,Tarumoto,138.275,36.89,633.0
768,55022,朝日,アサヒ,Asahi,137.56333333333333,36.93666666666667,43.0
769,55041,氷見,ヒミ,Himi,136.96,36.86333333333333,7.0
770,55056,魚津,ウオヅ,Uozu,137.42833333333334,36.821666666666665,48.0
771,55063,宇奈月,ウナヅキ,Unazuki,137.55666666666667,36.846666666666664,160.0
772,55091,伏木,フシキ,Fushiki,137.055,36.791666666666664,12.0
773,55102,富山,トヤマ,Toyama,137.20166666666665,36.708333333333336,9.0
774,55141,砺波,トナミ,Tonami,136.955,36.61,69.0
775,55151,秋ヶ島,アキガシマ：富山空港,Akigashima,137.18666666666667,36.64833333333333,24.0
776,55156,大山,オオヤマ,Oyama,137.28333333333333,36.608333333333334,128.0
777,55166,上市,カミイチ,Kamiichi,137.42333333333335,36.67,296.0
778,55191,南砺高宮,ナントタカミヤ,Nanto-Takamiya,136.87166666666667,36.545,91.0
779,55206,八尾,ヤツオ,Yatsuo,137.15833333333333,36.57,124.0
780,55217,立山芦峅,タテヤマアシクラ,Tateyama-Ashikura,137.385,36.57666666666667,379.0
781,55252,五箇山,ゴカヤマ,Gokayama,136.94166666666666,36.43,357.0
782,55267,猪谷,イノタニ,Inotani,137.23666666666668,36.473333333333336,215.0
783,56036,珠洲,スズ,Suzu,137.28666666666666,37.446666666666665,4.0
784,56052,輪島,ワジマ,Wajima,136.895,37.39,5.0
785,56081,門前,モンゼン,Monzen,136.72833333333332,37.26166666666666,11.0
786,56093,三井,ミイ：能登空港,Mii,136.96166666666667,37.29333333333334,219.0
787,56116,志賀,シカ,Shika,136.725,37.14333333333333,6.0
788,56146,七尾,ナナオ,Nanao,136.99166666666667,37.03,58.0
789,56176,羽咋,ハクイ,Hakui,136.77666666666667,36.89333333333333,15.0
790,56186,かほく,カホク,Kahoku,136.69166666666666,36.711666666666666,42.0
791,56192,宝達志水,ホウダツシミズ,Hodatsu-Shimizu,136.76833333333335,36.788333333333334,90.0
792,56227,金沢,カナザワ,Kanazawa,136.63333333333333,36.58833333333333,6.0
793,56232,医王山,イオウゼン,Mt Io,136.745,36.52,420.0
794,56276,小松,コマツ,Komatsu,136.435,36.38166666666667,3.0
795,56286,白山河内,ハクサンカワチ,Hakusan-kawachi,136.62,36.39666666666667,136.0
796,56301,加賀菅谷,カガスガタニ,Kaga-Sugatani,136.36166666666668,36.23,83.0
797,56346,白山白峰,ハクサンシラミネ,Hakusan-Shiramine,136.625,36.18,470.0
798,56401,舳倉島,ヘグラジマ,Hegurajima Island,136.91833333333332,37.85,8.0
799,57001,三国,ミクニ,Mikuni,136.17333333333335,36.24333333333333,34.0
800,57026,春江,ハルエ：福井空港,Harue,136.22333333333333,36.141666666666666,5.0
801,57051,越廼,コシノ,Koshino,135.99,36.01166666666666,30.0
802,57066,福井,フクイ,Fukui,136.22166666666666,36.055,9.0
803,57071,美山,ミヤマ,Miyama,136.35833333333332,35.998333333333335,70.0
804,57082,勝山,カツヤマ,Katsuyama,136.52166666666668,36.038333333333334,196.0
805,57106,武生,タケフ,Takefu,136.17333333333335,35.905,32.0
806,57121,大野,オオノ,Ohno,136.49666666666667,35.971666666666664,182.0
807,57176,九頭竜,クズリュウ,Kuzuryu,136.66833333333332,35.90833333333333,436.0
808,57206,今庄,イマジョウ,Imajo,136.2,35.766666666666666,128.0
809,57248,敦賀,ツルガ,Tsuruga,136.06166666666667,35.653333333333336,2.0
810,57286,美浜,ミハマ,Mihama,135.91666666666666,35.6,10.0
811,57311,大飯,オオイ,Oi,135.61666666666667,35.48,3.0
812,57317,小浜,オバマ,Obama,135.78166666666667,35.483333333333334,10.0
813,60026,柳ケ瀬,ヤナガセ,Yanagase,136.18833333333333,35.58166666666666,220.0
814,60051,今津,イマヅ,Imazu,136.02833333333334,35.41166666666667,88.0
815,60061,長浜,ナガハマ,Nagahama,136.24166666666667,35.42333333333333,95.0
816,60081,朽木平良,クツキヘラ,Kutsuki-Hera,135.83,35.30833333333333,380.0
817,60102,米原,マイバラ,Maibara,136.34333333333333,35.38333333333333,147.0
818,60116,南小松,ミナミコマツ,Minami-Komatsu,135.95666666666668,35.235,90.0
819,60131,彦根,ヒコネ,Hikone,136.24333333333334,35.275,87.0
820,60161,近江八幡,オウミハチマン,Omi-Hachiman,136.09166666666667,35.126666666666665,90.0
821,60196,東近江,ヒガシオウミ,Higashi-Omi,136.19,35.06166666666667,128.0
822,60216,大津,オオツ,Otsu,135.91166666666666,34.99166666666667,86.0
823,60226,信楽,シガラキ,Shigaraki,136.08,34.913333333333334,265.0
824,60236,土山,ツチヤマ,Tsuchiyama,136.27833333333334,34.93833333333333,248.0
825,61001,間人,タイザ,Taiza,135.08666666666667,35.736666666666665,42.0
826,61031,峰山,ミネヤマ,Mineyama,135.07166666666666,35.61833333333333,23.0
827,61076,宮津,ミヤヅ,Miyazu,135.235,35.55,2.0
828,61111,舞鶴,マイヅル,Maizuru,135.31666666666666,35.45,2.0
829,61096,坂浦,サカウラ,Sakaura,135.08666666666667,35.41833333333334,223.0
830,61151,睦寄,ムツヨリ,Mutsuyori,135.45333333333335,35.38166666666667,175.0
831,61187,福知山,フクチヤマ,Fukuchiyama,135.11333333333334,35.31166666666667,17.0
832,61192,三和,ミワ,Miwa,135.23166666666665,35.21666666666667,105.0
833,61196,綾部山家,アヤベヤマガ,Ayabe-Yamaga,135.315,35.29666666666667,87.0
834,61201,本庄,ホンジョウ,Honjo,135.395,35.26,95.0
835,61206,美山,ミヤマ,Miyama,135.55,35.275,200.0
836,61241,須知,シュウチ,Shuchi,135.42,35.17666666666667,150.0
837,61242,園部,ソノベ,Sonobe,135.455,35.108333333333334,134.0
838,61251,京北,ケイホク,Keihoku,135.66166666666666,35.181666666666665,260.0
839,61286,京都,キョウト,Kyoto,135.73166666666665,35.013333333333335,41.0
840,61306,長岡京,ナガオカキョウ,Nagaokakyo,135.67833333333334,34.93,71.0
841,61326,京田辺,キョウタナベ,Kyotanabe,135.76,34.83,20.0
842,62016,能勢,ノセ,Nose,135.455,34.94833333333333,235.0
843,62037,茨木,イバラキ,Ibaraki,135.56,34.86,78.0
844,62046,枚方,ヒラカタ,Hirakata,135.67166666666665,34.80833333333333,26.0
845,62051,豊中,トヨナカ：大阪国際空港,Toyonaka,135.43833333333333,34.78333333333333,12.0
846,62078,大阪,オオサカ,Osaka,135.51833333333335,34.681666666666665,23.0
847,62081,生駒山,イコマヤマ,Mt.Ikoma,135.67666666666668,34.675,626.0
848,62091,堺,サカイ,Sakai,135.485,34.555,20.0
849,62096,八尾,ヤオ：八尾空港,Yao,135.6,34.596666666666664,10.0
850,62101,関空島,カンクウジマ：関西国際空港,Kanku Island,135.23166666666665,34.43333333333333,5.0
851,62111,河内長野,カワチナガノ,Kawachi-Nagano,135.54333333333332,34.42333333333333,160.0
852,62131,熊取,クマトリ,Kumatori,135.35,34.385,68.0
853,63016,香住,カスミ,Kasumi,134.62666666666667,35.625,5.0
854,63032,温泉,オンセン,Onsen,134.48,35.528333333333336,233.0
855,63051,豊岡,トヨオカ,Toyooka,134.82166666666666,35.535,3.0
856,63071,兎和野高原,ウワノコウゲン,Uwano Highlands,134.58333333333334,35.431666666666665,540.0
857,63111,大屋,オオヤ,Oya,134.665,35.33166666666666,150.0
858,63116,八鹿,ヨウカ,Yoka,134.74,35.39833333333333,183.0
859,63121,和田山,ワダヤマ,Wadayama,134.84833333333333,35.32333333333333,80.0
860,63201,生野,イクノ,Ikuno,134.79166666666666,35.166666666666664,320.0
861,63216,柏原,カイバラ,Kaibara,135.065,35.13666666666666,98.0
862,63241,佐用,サヨウ,Sayo,134.36833333333334,35.016666666666666,120.0
863,63251,一宮,イチノミヤ,Ichinomiya,134.585,35.096666666666664,195.0
864,63321,福崎,フクサキ,Fukusaki,134.74833333333333,34.95,72.0
865,63331,西脇,ニシワキ,Nishiwaki,134.99666666666667,34.998333333333335,72.0
866,63346,後川,シツカワ,Shitsukawa,135.29333333333332,35.025,330.0
867,63366,上郡,カミゴオリ,Kamigori,134.37333333333333,34.858333333333334,20.0
868,63383,姫路,ヒメジ,Himeji,134.67,34.83833333333333,38.0
869,63411,三田,サンダ,Sanda,135.21166666666667,34.895,150.0
870,63461,三木,ミキ,Miki,135.01333333333332,34.776666666666664,145.0
871,63477,西宮,ニシノミヤ,Nishinomiya,135.335,34.75,38.0
872,63491,家島,イエシマ,Ieshima,134.52666666666667,34.67166666666667,88.0
873,63496,明石,アカシ,Akashi,134.87666666666667,34.68666666666667,3.0
874,63517,神戸空港,コウベクウコウ：神戸空港,Kobe Airport,135.22333333333333,34.63166666666667,5.0
875,63518,神戸,コウベ,Kobe,135.21166666666667,34.696666666666665,5.0
876,63551,郡家,グンゲ,Gunge,134.84833333333333,34.46666666666667,5.0
877,63571,洲本,スモト,Sumoto,134.84833333333333,34.31,69.0
878,63588,南淡,ナンダン,Nandan,134.72,34.218333333333334,5.0
879,64036,奈良,ナラ,Nara,135.83666666666667,34.67333333333333,102.0
880,64041,針,ハリ,Hari,135.95166666666665,34.605,468.0
881,64056,田原本,タワラモト,Tawaramoto,135.785,34.555,50.0
882,64076,曽爾,ソニ,Soni,136.15833333333333,34.52166666666667,610.0
883,64091,葛城,カツラギ,Katsuragi,135.70333333333335,34.48833333333334,141.0
884,64101,大宇陀,オオウダ,Ouda,135.93166666666667,34.48833333333334,349.0
885,64127,五條,ゴジョウ,Gojo,135.73,34.38,190.0
886,64136,吉野,ヨシノ,Yoshino,135.9,34.37833333333333,188.0
887,64161,天川,テンカワ,Tenkawa,135.88333333333333,34.27,840.0
888,64206,上北山,カミキタヤマ,Kamikitayama,136.005,34.13666666666666,334.0
889,64227,風屋,カゼヤ,Kazeya,135.78666666666666,34.045,301.0
890,64236,下北山,シモキタヤマ,Shimokitayama,135.96666666666667,34.00333333333333,249.0
891,64262,葛川,クズカワ,Kuzukawa,135.85666666666665,33.95333333333333,396.0
892,65021,葛城山,カツラギサン,Mt.Katsuragi,135.43666666666667,34.346666666666664,840.0
893,65026,かつらぎ,カツラギ,Katsuragi,135.52833333333334,34.31,142.0
894,65036,友ケ島,トモガシマ,Tomogashima Island,134.99833333333333,34.28,44.0
895,65042,和歌山,ワカヤマ,Wakayama,135.16333333333333,34.22833333333333,14.0
896,65061,高野山,コウヤサン,Koyasan,135.59,34.221666666666664,795.0
897,65106,湯浅,ユアサ,Yuasa,135.18166666666667,34.035,8.0
898,65121,清水,シミズ,Shimizu,135.425,34.086666666666666,240.0
899,65127,護摩壇山,ゴマダンザン,Mt.Goma-Danzan,135.56666666666666,34.04,1130.0
900,65162,龍神,リュウジン,Ryujin,135.55666666666667,33.945,410.0
901,65201,川辺,カワベ,Kawabe,135.21666666666667,33.89333333333333,84.0
902,65226,本宮,ホングウ,Hongu,135.77333333333334,33.836666666666666,60.0
903,65256,栗栖川,クリスガワ,Kurisugawa,135.51333333333332,33.791666666666664,160.0
904,65276,新宮,シングウ,Shingu,135.97,33.68666666666667,18.0
905,65288,南紀白浜,ナンキシラハマ：南紀白浜空港,Nanki-Shirahama,135.36333333333334,33.66166666666667,89.0
906,65306,西川,ニシカワ,Nishikawa,135.71,33.638333333333335,150.0
907,65311,色川,イロカワ,Irokawa,135.84833333333333,33.675,275.0
908,65321,日置川,ヒキガワ,Hikigawa,135.48,33.605,17.0
909,65356,潮岬,シオノミサキ,Cape Shiono,135.75666666666666,33.45,68.0
910,66046,上長田,カミナガタ,Kaminagata,133.725,35.29666666666667,430.0
911,66056,恩原,オンバラ,Onbara,133.98666666666668,35.3,734.0
912,66091,千屋,チヤ,Chiya,133.435,35.10333333333333,525.0
913,66112,富,トミ,Tomi,133.805,35.178333333333335,480.0
914,66127,奈義,ナギ,Nagi,134.17,35.111666666666665,212.0
915,66136,今岡,イマオカ,Imaoka,134.325,35.098333333333336,207.0
916,66171,久世,クセ,Kuse,133.75333333333333,35.068333333333335,144.0
917,66186,津山,ツヤマ,Tsuyama,134.00833333333333,35.06333333333333,146.0
918,66221,新見,ニイミ,Niimi,133.51833333333335,34.943333333333335,393.0
919,66226,下呰部,シモアザエ,Shimoazae,133.62833333333333,34.965,180.0
920,66237,旭西,アサヒニシ,Asahinishi,133.81166666666667,34.961666666666666,230.0
921,66251,赤磐,アカイワ,Akaiwa,134.08166666666668,34.91833333333334,56.0
922,66276,陣山,ジンヤマ,Mt.Jinyama,133.52333333333334,34.82833333333333,529.0
923,66287,吉備中央,キビチュウオウ,Kibi-Chuo,133.705,34.81666666666667,340.0
924,66296,福渡,フクワタリ,Fukuwatari,133.90333333333334,34.86666666666667,63.0
925,66306,和気,ワケ,Wake,134.18333333333334,34.815,35.0
926,66336,高梁,タカハシ,Takahashi,133.61,34.791666666666664,60.0
927,66346,日応寺,ニチオウジ：岡山空港,Nichioji,133.855,34.75666666666667,239.0
928,66381,佐屋,サヤ,Saya,133.445,34.685,390.0
929,66391,矢掛,ヤカゲ,Yakage,133.61833333333334,34.61666666666667,18.0
930,66408,岡山,オカヤマ,Okayama,133.925,34.685,5.0
931,66421,虫明,ムシアゲ,Mushiage,134.20666666666668,34.681666666666665,10.0
932,66446,倉敷,クラシキ,Kurashiki,133.76833333333335,34.59,3.0
933,66481,笠岡,カサオカ,Kasaoka,133.495,34.501666666666665,0.0
934,66501,玉野,タマノ,Tamano,133.95,34.486666666666665,2.0
935,67016,高野,タカノ,Takano,132.90166666666667,35.03333333333333,570.0
936,67026,道後山,ドウゴヤマ,Mt.Dogo,133.18833333333333,35.056666666666665,729.0
937,67052,君田,キミタ,Kimita,132.83,34.928333333333335,304.0
938,67106,三次,ミヨシ,Miyoshi,132.85,34.81166666666667,159.0
939,67116,庄原,ショウバラ,Shobara,133.02333333333334,34.86,300.0
940,67126,東城,トウジョウ,Tojo,133.27666666666667,34.895,310.0
941,67136,八幡,ヤワタ,Yawata,132.17333333333335,34.708333333333336,774.0
942,67151,大朝,オオアサ,Oasa,132.46333333333334,34.76833333333333,399.0
943,67161,美土里,ミドリ,Midori,132.655,34.721666666666664,318.0
944,67191,油木,ユキ,Yuki,133.27833333333334,34.763333333333335,510.0
945,67211,王泊,オオドマリ,Odomari,132.31166666666667,34.69833333333333,525.0
946,67212,加計,カケ,Kake,132.32,34.61,210.0
947,67217,都志見,ツシミ,Tsushimi,132.44333333333333,34.64666666666667,400.0
948,67231,甲田,コウダ,Koda,132.76,34.695,185.0
949,67251,上下,ジョウゲ,Joge,133.11666666666667,34.693333333333335,384.0
950,67271,内黒山,ウチグロヤマ,Mt.Uchiguro,132.17666666666668,34.596666666666664,987.0
951,67292,三入,ミイリ,Miiri,132.53,34.545,70.0
952,67306,安宿,アスカ,Asuka,132.83833333333334,34.56666666666667,363.0
953,67316,世羅,セラ,Sera,133.05,34.583333333333336,350.0
954,67326,府中,フチュウ,Fuchu,133.23166666666665,34.56166666666667,70.0
955,67351,佐伯湯来,サエキユキ,Saeki-Yuki,132.29,34.498333333333335,206.0
956,67371,志和,シワ,Shiwa,132.66,34.498333333333335,215.0
957,67376,東広島,ヒガシヒロシマ,Higashi-Hiroshima,132.7,34.416666666666664,224.0
958,67386,本郷,ホンゴウ：広島空港,Hongo,132.91833333333332,34.435,331.0
959,67401,福山,フクヤマ,Fukuyama,133.24666666666667,34.446666666666665,2.0
960,67421,廿日市津田,ハツカイチツタ,Hatsukaichi-Tsuta,132.19,34.365,317.0
961,67437,広島,ヒロシマ,Hiroshima,132.46166666666667,34.39833333333333,4.0
962,67461,竹原,タケハラ,Takehara,132.98166666666665,34.33,5.0
963,67471,生口島,イクチジマ,Ikuchijima  Island,133.12333333333333,34.278333333333336,3.0
964,67496,大竹,オオタケ,Otake,132.22,34.221666666666664,1.0
965,67511,呉,クレ,Kure,132.55,34.24,4.0
966,67566,倉橋,クラハシ,Kurahashi,132.48833333333334,34.09166666666667,3.0
967,67576,呉市蒲刈,クレシカマガリ,"Kamagari, Kure City",132.74833333333333,34.165,48.0
968,68022,西郷,サイゴウ,Saigo,133.33333333333334,36.20333333333333,27.0
969,68046,西郷岬,サイゴウミサキ：隠岐空港,Cape Saigo,133.32333333333332,36.178333333333335,80.0
970,68056,海士,アマ,Ama,133.09666666666666,36.096666666666664,3.0
971,68091,鹿島,カシマ,Kashima,132.98333333333332,35.52,3.0
972,68121,斐川,ヒカワ：出雲空港,Hikawa,132.89,35.413333333333334,2.0
973,68132,松江,マツエ,Matsue,133.065,35.45666666666666,17.0
974,68156,出雲,イズモ,Izumo,132.73,35.33166666666666,20.0
975,68166,大東,ダイトウ,Daito,132.965,35.318333333333335,56.0
976,68181,伯太,ハクタ,Hakuta,133.27333333333334,35.35,23.0
977,68206,佐田,サダ,Sada,132.72333333333333,35.221666666666664,100.0
978,68246,大田,オオダ,Oda,132.49666666666667,35.19,30.0
979,68261,掛合,カケヤ,Kakeya,132.815,35.196666666666665,215.0
980,68276,横田,ヨコタ,Yokota,133.10333333333332,35.17333333333333,369.0
981,68286,福光,フクミツ,Fukumitsu,132.33333333333334,35.07,8.0
982,68306,赤名,アカナ,Akana,132.71166666666667,35.001666666666665,444.0
983,68346,桜江,サクラエ,Sakurae,132.33333333333334,34.95333333333333,32.0
984,68351,川本,カワモト,Kawamoto,132.49166666666667,34.97666666666667,132.0
985,68376,浜田,ハマダ,Hamada,132.07,34.89666666666667,19.0
986,68401,瑞穂,ミズホ,Mizuho,132.53,34.85333333333333,327.0
987,68421,三隅,ミスミ,Misumi,131.94833333333332,34.795,9.0
988,68431,弥栄,ヤサカ,Yasaka,132.10833333333332,34.776666666666664,380.0
989,68436,波佐,ハザ,Haza,132.19666666666666,34.78,370.0
990,68456,高津,タカツ：石見空港,Takatsu,131.79,34.675,54.0
991,68462,益田,マスダ,Masuda,131.84333333333333,34.67666666666667,4.0
992,68501,匹見,ヒキミ,Hikimi,132.01666666666668,34.571666666666665,259.0
993,68516,津和野,ツワノ,Tsuwano,131.77,34.461666666666666,165.0
994,68541,吉賀,ヨシカ,Yoshika,131.89333333333335,34.391666666666666,250.0
995,69006,境,サカイ,Sakai,133.235,35.54333333333334,2.0
996,69021,塩津,シオツ,Shiotsu,133.56666666666666,35.52333333333333,15.0
997,69041,青谷,アオヤ,Aoya,133.99666666666667,35.52,13.0
998,69052,湖山,コヤマ：鳥取空港,Koyama,134.165,35.53,15.0
999,69061,岩井,イワイ,Iwai,134.36,35.55833333333333,19.0
1000,69076,米子,ヨナゴ,Yonago,133.33833333333334,35.43333333333333,7.0
1001,69101,倉吉,クラヨシ,Kurayoshi,133.83833333333334,35.473333333333336,8.0
1002,69111,鹿野,シカノ,Shikano,134.01666666666668,35.413333333333334,210.0
1003,69122,鳥取,トットリ,Tottori,134.23833333333334,35.486666666666665,7.0
1004,69152,大山,ダイセン,Mt.Daisen,133.53666666666666,35.39333333333333,875.0
1005,69161,関金,セキガネ,Sekigane,133.75666666666666,35.37833333333333,150.0
1006,69181,佐治,サジ,Saji,134.11333333333334,35.32833333333333,210.0
1007,69196,若桜,ワカサ,Wakasa,134.405,35.333333333333336,231.0
1008,69222,江尾,エビ,Ebi,133.48333333333332,35.288333333333334,155.0
1009,69246,智頭,チズ,Chizu,134.24,35.263333333333335,182.0
1010,69271,茶屋,チャヤ,Chaya,133.23,35.18666666666667,490.0
1011,71066,池田,イケダ,Ikeda,133.795,34.02333333333333,214.0
1012,71087,穴吹,アナブキ,Anabuki,134.15666666666667,34.04,160.0
1013,71106,徳島,トクシマ,Tokushima,134.57333333333332,34.06666666666667,2.0
1014,71136,半田,ハンダ,Handa,134.03666666666666,33.99,228.0
1015,71191,京上,キョウジョウ,Kyojo,133.90333333333334,33.86666666666667,532.0
1016,71211,福原旭,フクハラアサヒ,Fukuhara-Asahi,134.38833333333332,33.87833333333333,290.0
1017,71231,蒲生田,カモダ,Kamoda,134.74166666666667,33.836666666666666,10.0
1018,71251,木頭,キトウ,Kito,134.19833333333332,33.77166666666667,363.0
1019,71266,日和佐,ヒワサ,Hiwasa,134.53833333333333,33.73166666666667,3.0
1020,71291,海陽,カイヨウ,Kaiyo,134.355,33.611666666666665,5.0
1021,72061,内海,ウチノミ,Uchinomi,134.27333333333334,34.471666666666664,20.0
1022,72086,高松,タカマツ,Takamatsu,134.05333333333334,34.318333333333335,9.0
1023,72111,多度津,タドツ,Tadotsu,133.75166666666667,34.275,4.0
1024,72121,滝宮,タキノミヤ,Takinomiya,133.92333333333335,34.236666666666665,60.0
1025,72126,香南,コウナン：高松空港,Konan,134.015,34.21333333333333,185.0
1026,72146,引田,ヒケタ,Hiketa,134.40666666666667,34.21333333333333,12.0
1027,72161,財田,サイタ,Saita,133.77166666666668,34.12,65.0
1028,72176,竜王山,リュウオウザン,Mt.Ryuo,134.05,34.11333333333334,1040.0
1029,73001,大三島,オオミシマ,Omishima,133.00666666666666,34.25,9.0
1030,73071,玉川,タマガワ,Tamagawa,132.94,34.01833333333333,67.0
1031,73076,今治,イマバリ,Imabari,132.975,34.053333333333335,27.0
1032,73126,西条,サイジョウ,Saijo,133.08,33.915,4.0
1033,73141,新居浜,ニイハマ,Niihama,133.33833333333334,33.93666666666667,90.0
1034,73151,四国中央,シコクチュウオウ,Shikoku-Chuo,133.58166666666668,33.98166666666667,75.0
1035,73152,富郷,トミサト,Tomisato,133.51,33.915,310.0
1036,73166,松山,マツヤマ,Matsuyama,132.77666666666667,33.843333333333334,32.0
1037,73168,松山南吉田,マツヤマミナミヨシダ：松山空港,Matsuyama-Minamiyoshida,132.69833333333332,33.82666666666667,4.0
1038,73231,上林,カミハヤシ,Kamihayashi,132.89,33.73833333333333,460.0
1039,73247,成就社,ジョウジュシャ,Jojusha,133.13166666666666,33.795,1280.0
1040,73256,長浜,ナガハマ,Nagahama,132.48,33.61666666666667,4.0
1041,73271,中山,ナカヤマ,Nakayama,132.70833333333334,33.638333333333335,163.0
1042,73276,久万,クマ,Kuma,132.895,33.663333333333334,511.0
1043,73306,大洲,オオズ,Ozu,132.535,33.50833333333333,20.0
1044,73321,獅子越峠,シシゴエトウゲ,Shishigoe Pass,132.83166666666668,33.54333333333334,1000.0
1045,73341,瀬戸,セト,Seto,132.25666666666666,33.446666666666665,143.0
1046,73351,八幡浜,ヤワタハマ,Yawatahama,132.43333333333334,33.44833333333333,8.0
1047,73406,宇和,ウワ,Uwa,132.50333333333333,33.36666666666667,200.0
1048,73442,宇和島,ウワジマ,Uwajima,132.55166666666668,33.22666666666667,2.0
1049,73446,近永,チカナガ,Chikanaga,132.675,33.25333333333333,129.0
1050,73516,御荘,ミショウ,Misho,132.57,32.96333333333333,12.0
1051,74056,本川,ホンガワ,Hongawa,133.33833333333334,33.765,605.0
1052,74071,本山,モトヤマ,Motoyama,133.575,33.75333333333333,252.0
1053,74101,池川,イケガワ,Ikegawa,133.17,33.60666666666667,141.0
1054,74126,繁藤,シゲトウ,Shigeto,133.685,33.678333333333335,346.0
1055,74136,大栃,オオドチ,Odochi,133.875,33.69833333333333,210.0
1056,74151,魚梁瀬,ヤナセ,Yanase,134.10833333333332,33.615,450.0
1057,74166,佐川,サカワ,Sakawa,133.27166666666668,33.51166666666666,80.0
1058,74181,高知,コウチ,Kochi,133.54833333333335,33.56666666666667,1.0
1059,74187,後免,ゴメン,Gomen,133.64333333333335,33.59,12.0
1060,74188,南国日章,ナンコクニッショウ：高知空港,Nankoku-Nissho,133.66833333333332,33.545,9.0
1061,74237,船戸,フナト,Funato,133.08833333333334,33.416666666666664,428.0
1062,74238,鳥形山,トリガタヤマ,Mt. Torigata,133.08333333333334,33.48,835.0
1063,74271,安芸,アキ,Aki,133.93333333333334,33.48833333333334,6.0
1064,74276,田野,タノ,Tano,134.00666666666666,33.42666666666667,17.0
1065,74296,梼原,ユスハラ,Yusuhara,132.92166666666665,33.39,415.0
1066,74311,須崎,スサキ,Susaki,133.27666666666667,33.385,4.0
1067,74336,佐喜浜,サキハマ,Sakihama,134.19833333333332,33.41166666666667,26.0
1068,74361,窪川,クボカワ,Kubokawa,133.12833333333333,33.20666666666666,205.0
1069,74372,室戸岬,ムロトミサキ,Cape Muroto,134.17666666666668,33.251666666666665,185.0
1070,74381,江川崎,エカワサキ,Ekawasaki,132.79166666666666,33.17,72.0
1071,74391,大正,タイショウ,Taisho,132.97166666666666,33.193333333333335,150.0
1072,74436,佐賀,サガ,Saga,133.10166666666666,33.07833333333333,3.0
1073,74447,宿毛,スクモ,Sukumo,132.695,32.92,2.0
1074,74456,中村,ナカムラ,Nakamura,132.92,32.99,8.0
1075,74506,三崎,ミサキ,Misaki,132.87166666666667,32.795,9.0
1076,74516,清水,シミズ,Shimizu,133.01,32.721666666666664,31.0
1077,81011,須佐,スサ,Susa,131.62333333333333,34.615,50.0
1078,81071,萩,ハギ,Hagi,131.405,34.41,2.0
1079,81116,油谷,ユヤ,Yuya,131.055,34.37,20.0
1080,81141,篠生,シノブ,Shinobu,131.57666666666665,34.303333333333335,205.0
1081,81151,徳佐,トクサ,Tokusa,131.725,34.39833333333333,310.0
1082,81167,羅漢山,ラカンザン,Mt.Rakanzan,132.06333333333333,34.35,945.0
1083,81196,秋吉台,アキヨシダイ,Akiyoshidai,131.30666666666667,34.235,240.0
1084,81228,鹿野,カノ,Kano,131.815,34.225,368.0
1085,81231,広瀬,ヒロセ,Hirose,131.95166666666665,34.26166666666666,97.0
1086,81266,豊田,トヨタ,Toyota,131.07666666666665,34.18666666666667,40.0
1087,81271,東厚保,ヒガシアツ,Higashiatsu,131.18166666666667,34.11833333333333,56.0
1088,81286,山口,ヤマグチ,Yamaguchi,131.46166666666667,34.16166666666667,18.0
1089,81301,和田,ワダ,Wada,131.735,34.14833333333333,140.0
1090,81321,岩国,イワクニ,Iwakuni,132.17833333333334,34.155,41.0
1091,81371,防府,ホウフ,Hofu,131.53333333333333,34.04,4.0
1092,81386,下松,クダマツ,Kudamatsu,131.87166666666667,34.01,27.0
1093,81397,玖珂,クガ,Kuga,132.075,34.095,68.0
1094,81428,下関,シモノセキ,Shimonoseki,130.925,33.94833333333333,3.0
1095,81436,宇部,ウベ：山口宇部空港,Ube,131.27833333333334,33.93,5.0
1096,81481,柳井,ヤナイ,Yanai,132.11333333333334,33.958333333333336,3.0
1097,81486,安下庄,アゲノショウ,Agenosho,132.29333333333332,33.903333333333336,5.0
1098,82046,宗像,ムナカタ,Munakata,130.53833333333333,33.80833333333333,7.0
1099,82056,八幡,ヤハタ,Yahata,130.74333333333334,33.85166666666667,20.0
1100,82068,空港北町,クウコウキタマチ：北九州空港,Kukokitamachi,131.035,33.845,7.0
1101,82097,東谷,ヒガシタニ,Higashitani,130.865,33.778333333333336,55.0
1102,82101,行橋,ユクハシ,Yukuhashi,130.975,33.71333333333333,9.0
1103,82136,飯塚,イイヅカ,Iizuka,130.69333333333333,33.651666666666664,37.0
1104,82171,前原,マエバル,Maebaru,130.19,33.56,5.0
1105,82182,福岡,フクオカ,Fukuoka,130.375,33.58166666666666,3.0
1106,82186,博多,ハカタ：福岡空港,Hakata,130.45166666666665,33.583333333333336,9.0
1107,82191,太宰府,ダザイフ,Dazaifu,130.49,33.49666666666667,52.0
1108,82206,添田,ソエダ,Soeda,130.855,33.55833333333333,92.0
1109,82241,早良脇山,サワラワキヤマ,Sawara-Wakiyama,130.35333333333332,33.48833333333334,83.0
1110,82261,朝倉,アサクラ,Asakura,130.695,33.406666666666666,38.0
1111,82272,英彦山,ヒコサン,Mt.Hikosan,130.92333333333335,33.48833333333334,823.0
1112,82306,久留米,クルメ,Kurume,130.49333333333334,33.303333333333335,7.0
1113,82316,耳納山,ミノウサン,Mt. Mino,130.625,33.291666666666664,607.0
1114,82317,黒木,クロギ,Kurogi,130.645,33.225,144.0
1115,82331,柳川,ヤナガワ,Yanagawa,130.40333333333334,33.16,7.0
1116,82361,大牟田,オオムタ,Omuta,130.46666666666667,33.00666666666667,40.0
1117,83021,国見,クニミ,Kunimi,131.59,33.675,14.0
1118,83051,中津,ナカツ,Nakatsu,131.245,33.586666666666666,12.0
1119,83061,豊後高田,ブンゴタカダ,Bungo-Takada,131.43333333333334,33.57,5.0
1120,83096,耶馬渓,ヤバケイ,Yabakei,131.115,33.445,100.0
1121,83106,院内,インナイ,Innai,131.31666666666666,33.42,90.0
1122,83121,杵築,キツキ,Kitsuki,131.59666666666666,33.416666666666664,5.0
1123,83126,武蔵,ムサシ：大分空港,Musashi,131.73666666666668,33.47833333333333,5.0
1124,83137,日田,ヒタ,Hita,130.92833333333334,33.321666666666665,83.0
1125,83191,玖珠,クス,Kusu,131.155,33.291666666666664,331.0
1126,83201,湯布院,ユフイン,Yufuin,131.34666666666666,33.25333333333333,435.0
1127,83216,大分,オオイタ,Oita,131.61833333333334,33.235,5.0
1128,83226,佐賀関,サガノセキ,Saganoseki,131.865,33.248333333333335,1.0
1129,83242,椿ヶ鼻,ツバキガハナ,Tsubakigahana,130.915,33.19,843.0
1130,83286,臼杵,ウスキ,Usuki,131.79666666666665,33.13166666666667,30.0
1131,83341,犬飼,イヌカイ,Inukai,131.63166666666666,33.065,121.0
1132,83371,竹田,タケタ,Taketa,131.39833333333334,32.973333333333336,261.0
1133,83401,佐伯,サイキ,Saiki,131.90166666666667,32.95,2.0
1134,83431,宇目,ウメ,Ume,131.675,32.845,200.0
1135,83476,蒲江,カマエ,Kamae,131.92333333333335,32.795,2.0
1136,84012,鰐浦,ワニウラ,Waniura,129.445,34.69833333333333,63.0
1137,84072,厳原,イヅハラ,Izuhara,129.29166666666666,34.196666666666665,4.0
1138,84076,美津島,ミツシマ：対馬空港,Mitsushima,129.33,34.285,63.0
1139,84121,芦辺,アシベ,Ashibe,129.72166666666666,33.8,97.0
1140,84122,石田,イシダ：壱岐空港,Ishida,129.785,33.748333333333335,12.0
1141,84171,平戸,ヒラド,Hirado,129.55,33.36,58.0
1142,84183,松浦,マツウラ,Matsuura,129.71166666666667,33.34166666666667,14.0
1143,84266,佐世保,サセボ,Sasebo,129.72666666666666,33.15833333333333,4.0
1144,84306,西海,サイカイ,Saikai,129.65166666666667,33.013333333333335,18.0
1145,84341,有川,アリカワ,Arikawa,129.11833333333334,32.98166666666667,11.0
1146,84361,長浦岳,ナガウラダケ,Mt.Nagaura,129.73833333333334,32.90833333333333,510.0
1147,84371,大村,オオムラ：長崎空港,Omura,129.91333333333333,32.916666666666664,3.0
1148,84441,諫早,イサハヤ,Isahaya,130.025,32.843333333333334,15.0
1149,84496,長崎,ナガサキ,Nagasaki,129.86666666666667,32.733333333333334,27.0
1150,84519,雲仙岳,ウンゼンダケ,Mt.Unzen,130.26166666666666,32.736666666666665,678.0
1151,84523,島原,シマバラ,Shimabara,130.36166666666668,32.76,14.0
1152,84536,福江,フクエ,Fukue,128.82666666666665,32.693333333333335,25.0
1153,84537,上大津,カミオオヅ：福江空港,Kami-Ozu,128.83166666666668,32.665,77.0
1154,84561,口之津,クチノツ,Kuchinotsu,130.19333333333333,32.611666666666665,13.0
1155,84597,脇岬,ワキミサキ,Wakimisaki,129.77666666666667,32.58166666666666,4.0
1156,85033,唐津,カラツ,Karatsu,129.955,33.458333333333336,23.0
1157,85046,北山,ホクザン,Hokuzan,130.22,33.413333333333334,339.0
1158,85106,鳥栖,トス,Tosu,130.51666666666668,33.385,25.0
1159,85116,伊万里,イマリ,Imari,129.87833333333333,33.266666666666666,25.0
1160,85131,大町,オオマチ,Omachi,130.11166666666668,33.22,105.0
1161,85142,佐賀,サガ,Saga,130.305,33.265,6.0
1162,85161,嬉野,ウレシノ,Ureshino,129.995,33.11666666666667,81.0
1163,85166,白石,シロイシ,Shiroishi,130.14833333333334,33.18333333333333,2.0
1164,85176,川副,カワソエ：佐賀空港,Kawasoe,130.30166666666668,33.14833333333333,2.0
1165,86006,鹿北,カホク,Kahoku,130.69166666666666,33.115,119.0
1166,86066,南小国,ミナミオグニ,Minami-Oguni,131.06666666666666,33.10333333333333,448.0
1167,86086,岱明,タイメイ,Taimei,130.51166666666666,32.915,15.0
1168,86101,菊池,キクチ,Kikuchi,130.78166666666667,32.945,83.0
1169,86111,阿蘇乙姫,アソオトヒメ,Aso-Otohime,131.04,32.946666666666665,487.0
1170,86141,熊本,クマモト,Kumamoto,130.70666666666668,32.81333333333333,38.0
1171,86146,益城,マシキ：熊本空港,Mashiki,130.855,32.836666666666666,193.0
1172,86157,南阿蘇,ミナミアソ,Minami-Aso,131.01333333333332,32.83166666666666,394.0
1173,86161,高森,タカモリ,Takamori,131.125,32.821666666666665,555.0
1174,86181,宇土,ウト,Uto,130.65666666666667,32.7,6.0
1175,86197,山都,ヤマト,Yamato,130.95833333333334,32.711666666666666,574.0
1176,86216,三角,ミスミ,Misumi,130.47833333333332,32.611666666666665,60.0
1177,86236,甲佐,コウサ,Kosa,130.81,32.645,36.0
1178,86271,松島,マツシマ,Matsushima,130.44666666666666,32.515,2.0
1179,86316,本渡,ホンド,Hondo,130.18,32.468333333333334,30.0
1180,86336,八代,ヤツシロ,Yatsushiro,130.60666666666665,32.473333333333336,8.0
1181,86396,田浦,タノウラ,Tanoura,130.50833333333333,32.36333333333334,3.0
1182,86407,山江,ヤマエ,Yamae,130.74666666666667,32.30166666666667,218.0
1183,86411,五木,イツキ,Itsuki,130.82666666666665,32.395,310.0
1184,86451,水俣,ミナマタ,Minamata,130.40666666666667,32.205,6.0
1185,86461,一勝地,イッショウチ,Isshochi,130.645,32.245,120.0
1186,86467,人吉,ヒトヨシ,Hitoyoshi,130.755,32.21666666666667,146.0
1187,86477,上,ウエ,Ue,130.905,32.225,166.0
1188,86478,多良木,タラギ,Taragi,130.95,32.295,210.0
1189,86481,湯前横谷,ユノマエヨコタニ,Yunomae-Yokotani,131.04333333333332,32.263333333333335,665.0
1190,86491,牛深,ウシブカ,Ushibuka,130.02666666666667,32.196666666666665,3.0
1191,87041,高千穂,タカチホ,Takachiho,131.29,32.711666666666666,350.0
1192,87066,古江,フルエ,Furue,131.82,32.711666666666666,14.0
1193,87071,鞍岡,クラオカ,Kuraoka,131.15666666666667,32.64333333333333,590.0
1194,87086,日之影,ヒノカゲ,Hinokage,131.40666666666667,32.681666666666665,262.0
1195,87127,諸塚,モロツカ,Morotsuka,131.335,32.516666666666666,150.0
1196,87136,北方,キタカタ,Kitakata,131.525,32.56166666666667,30.0
1197,87141,延岡,ノベオカ,Nobeoka,131.65666666666667,32.58166666666666,19.0
1198,87157,椎葉,シイバ,Shiiba,131.10333333333332,32.475,517.0
1199,87181,日向,ヒュウガ,Hyuga,131.6,32.40833333333333,20.0
1200,87206,神門,ミカド,Mikado,131.33166666666668,32.385,250.0
1201,87231,西米良,ニシメラ,Nishimera,131.15166666666667,32.24,260.0
1202,87251,都農,ツノ,Tsuno,131.54166666666666,32.28333333333333,61.0
1203,87293,高鍋,タカナベ,Takanabe,131.475,32.123333333333335,57.0
1204,87301,加久藤,カクトウ,Kakuto,130.81,32.04666666666667,228.0
1205,87331,西都,サイト,Saito,131.41333333333333,32.06333333333333,8.0
1206,87346,えびの,エビノ,Ebino,130.84,31.945,1150.0
1207,87352,小林,コバヤシ,Kobayashi,130.95333333333335,32.0,276.0
1208,87361,野尻,ノジリ,Nojiri,131.15666666666667,31.956666666666667,182.0
1209,87371,国富,クニトミ,Kunitomi,131.29666666666665,32.00666666666667,66.0
1210,87376,宮崎,ミヤザキ,Miyazaki,131.41333333333333,31.938333333333333,9.0
1211,87406,田野,タノ,Tano,131.30833333333334,31.843333333333334,134.0
1212,87412,赤江,アカエ：宮崎空港,Akae,131.44833333333332,31.876666666666665,6.0
1213,87426,都城,ミヤコノジョウ,Miyakonojo,131.08166666666668,31.73,154.0
1214,87461,深瀬,フカセ,Fukase,131.25,31.636666666666667,130.0
1215,87492,油津,アブラツ,Aburatsu,131.40666666666667,31.578333333333333,3.0
1216,87501,串間,クシマ,Kushima,131.22,31.465,20.0
1217,82036,小呂島,オロノシマ,Oronoshima,130.035,33.86333333333333,49.0
1218,88061,阿久根,アクネ,Akune,130.2,32.026666666666664,40.0
1219,88066,出水,イズミ,Izumi,130.35166666666666,32.093333333333334,11.0
1220,88081,大口,オオクチ,Okuchi,130.62666666666667,32.04666666666667,175.0
1221,88101,紫尾山,シビサン,Mt.Shibisan,130.36666666666667,31.98,1060.0
1222,88107,さつま柏原,サツマカシワバル,Satsuma-Kashiwabaru,130.455,31.916666666666668,59.0
1223,88131,中甑,ナカコシキ,Nakakoshiki,129.86666666666667,31.835,10.0
1224,88151,川内,センダイ,Sendai,130.315,31.833333333333332,5.0
1225,88166,溝辺,ミゾベ：鹿児島空港,Mizobe,130.71833333333333,31.803333333333335,272.0
1226,88211,八重山,ヤエヤマ,Yaeyama,130.43833333333333,31.746666666666666,533.0
1227,88261,東市来,ヒガシイチキ,Higashi-Ichiki,130.32833333333335,31.668333333333333,40.0
1228,88286,牧之原,マキノハラ,Makinohara,130.84333333333333,31.661666666666665,387.0
1229,88317,鹿児島,カゴシマ,Kagoshima,130.54666666666665,31.555,4.0
1230,88331,輝北,キホク,Kihoku,130.855,31.588333333333335,360.0
1231,88341,大隅,オオスミ,Osumi,131.005,31.58,170.0
1232,88371,加世田,カセダ,Kaseda,130.325,31.415,9.0
1233,88392,吉ケ別府,ヨシガベップ,Yoshigabeppu,130.86166666666668,31.458333333333332,89.0
1234,88406,志布志,シブシ,Shibushi,131.095,31.47833333333333,70.0
1235,88432,喜入,キイレ,Kiire,130.54,31.386666666666667,4.0
1236,88442,鹿屋,カノヤ,Kanoya,130.86333333333334,31.391666666666666,63.0
1237,88447,肝付前田,キモツキマエダ,Kimotsuki-Maeda,130.93833333333333,31.34,31.0
1238,88466,枕崎,マクラザキ,Makurazaki,130.29166666666666,31.27166666666667,30.0
1239,88486,指宿,イブスキ,Ibusuki,130.63666666666666,31.25,5.0
1240,88506,内之浦,ウチノウラ,Uchinoura,131.055,31.276666666666667,8.0
1241,88536,田代,タシロ,Tashiro,130.84333333333333,31.198333333333334,182.0
1242,88551,佐多,サタ,Sata,130.69,31.093333333333334,27.0
1243,88612,種子島,タネガシマ,Tanegashima Island,130.98166666666665,30.72,25.0
1244,88621,中種子,ナカタネ：種子島空港,Nakatane,130.99166666666667,30.605,234.0
1245,88666,上中,カミナカ,Kaminaka,130.90166666666667,30.406666666666666,150.0
1246,88686,屋久島,ヤクシマ：屋久島空港,Yakushima Island,130.65833333333333,30.385,37.0
1247,88706,尾之間,オノアイダ,Onoaida,130.555,30.235,60.0
1248,88736,中之島,ナカノシマ,Nakanoshima Island,129.86666666666667,29.84,220.0
1249,88746,平島,タイラジマ,Tairajima Island,129.52833333333334,29.683333333333334,97.0
1250,88756,諏訪之瀬島,スワノセジマ,Suwanosejima Island,129.705,29.61,111.0
1251,88776,小宝島,コダカラジマ,Kodakarajima Island,129.32833333333335,29.225,10.0
1252,88781,宝島,タカラジマ,Takarajima Island,129.20166666666665,29.151666666666667,33.0
1253,88821,笠利,カサリ：奄美空港,Kasari,129.71166666666667,28.43,4.0
1254,88836,名瀬,ナゼ,Naze,129.495,28.378333333333334,3.0
1255,88851,喜界島,キカイジマ：喜界空港,Kikaijima Island,129.92666666666668,28.32,5.0
1256,88901,古仁屋,コニヤ,Koniya,129.315,28.143333333333334,2.0
1257,88931,天城,アマギ：徳之島空港,Amagi,128.88,27.835,2.0
1258,88956,伊仙,イセン,Isen,128.97333333333333,27.676666666666666,44.0
1259,88971,沖永良部,オキノエラブ：沖永良部空港,Okinoerabu,128.705,27.431666666666665,27.0
1260,88986,与論島,ヨロンジマ：与論空港,Yoronjima Island,128.40166666666667,27.043333333333333,14.0
1261,91011,伊是名,イゼナ,Izena,127.94,26.948333333333334,14.0
1262,91021,奥,オク,Oku,128.27166666666668,26.835,232.0
1263,91046,国頭,クニガミ,Kunigami,128.17833333333334,26.72833333333333,8.0
1264,91066,本部,モトブ,Motobu,127.89833333333333,26.685,25.0
1265,91081,東,ヒガシ,Higashi,128.15333333333334,26.631666666666668,24.0
1266,91096,粟国,アグニ,Aguni,127.23833333333333,26.591666666666665,14.0
1267,91107,名護,ナゴ,Nago,127.965,26.593333333333334,6.0
1268,91121,読谷,ヨミタン,Yomitan,127.73333333333333,26.406666666666666,90.0
1269,91141,北原,キタハラ：久米島空港,Kitahara,126.71333333333334,26.363333333333333,7.0
1270,91146,久米島,クメジマ,Kumejima Island,126.80333333333333,26.336666666666666,5.0
1271,91151,渡名喜,トナキ,Tonaki,127.14166666666667,26.373333333333335,7.0
1272,91161,胡屋,ゴヤ,Goya,127.805,26.326666666666668,86.0
1273,91166,宮城島,ミヤギジマ,Miyagijima Island,127.97166666666666,26.363333333333333,100.0
1274,91181,渡嘉敷,トカシキ,Tokashiki,127.36333333333333,26.21,220.0
1275,91197,那覇,ナハ,Naha,127.68666666666667,26.206666666666667,28.0
1276,91236,安次嶺,アシミネ：那覇空港,Ashimine,127.63833333333334,26.19333333333333,3.0
1277,91241,糸数,イトカズ,Itokazu,127.765,26.153333333333332,186.0
1278,92006,北大東,キタダイトウ：北大東空港,Kita-Daito,131.32666666666665,25.943333333333335,22.0
1279,92011,南大東,ミナミダイトウ,Minami-Daito,131.22833333333332,25.828333333333333,15.0
1280,92012,旧東,キュウトウ：南大東空港,Kyuto,131.26333333333332,25.846666666666668,48.0
1281,93012,下地島,シモジシマ：下地島空港,Shimojishima Island,125.14333333333333,24.826666666666668,8.0
1282,93041,宮古島,ミヤコジマ,Miyakojima Island,125.27833333333334,24.793333333333333,39.0
1283,93042,鏡原,カガミハラ：宮古空港,Kagamihara,125.295,24.781666666666666,43.0
1284,93051,城辺,グスクベ,Gusukube,125.41,24.743333333333332,55.0
1285,93062,仲筋,ナカスジ：多良間空港,Nakasuji,124.675,24.653333333333332,10.0
1286,94001,伊原間,イバルマ,Ibaruma,124.28,24.506666666666668,11.0
1287,94011,所野,トコロノ：与那国空港,Tokorono,122.97833333333334,24.466666666666665,15.0
1288,94017,与那国島,ヨナグニジマ,Yonagunijima Island,123.01,24.466666666666665,30.0
1289,94036,川平,カビラ,Kabira,124.14,24.466666666666665,7.0
1290,94062,西表島,イリオモテジマ,Iriomotejima Island,123.765,24.426666666666666,10.0
1291,94081,石垣島,イシガキジマ,Ishigakijima Island,124.16333333333333,24.336666666666666,6.0
1292,94086,盛山,モリヤマ：新石垣空港,Moriyama,124.245,24.395,31.0
1293,94101,大原,オオハラ,Ohara,123.87166666666667,24.265,33.0
1294,94116,波照間,ハテルマ,Hateruma,123.76666666666667,24.055,38.0
